date,venue,venue_code,race_number,scheduled_start_time,deadline_time,race_id,title,category,formation,first_numbers,second_numbers,third_numbers,ticket_count,combined_odds,estimated_hit_rate,estimated_hit_rate_pct,selected_tickets,status,late_generated,actual_ticket,actual_payout_units,invested_units,returned_units,profit_units,prediction_gate_profile,ticket_type,selection_role,sales_evidence_allowed,research_only_reason,candidate_selection_scope,first_back_max,first_chigire_max,first_p1_max,race_class_scope
2025-05-27,弥彦,,9,,,20250527-21-09,S???????,S?,145-14-1247,145,14,1247,10,,0.150592995493,15.059,,invalid_selection,False,,,0.0,0.0,0.0,line_break_back_chigire_s,trifecta,challenger,False,s_class_line_break_gate_requires_forward_evidence,fixed_research_gate,14.0,0.406,0.297182550412,s
2025-05-27,伊東,,11,,,20250527-37-11,S???????,S?,147-14-1247,147,14,1247,8,,0.141437195387,14.144,,invalid_selection,False,,,0.0,0.0,0.0,line_break_back_chigire_s,trifecta,challenger,False,s_class_line_break_gate_requires_forward_evidence,fixed_research_gate,10.0,0.347,0.298076556528,s
2025-05-28,弥彦,,6,,,20250528-21-06,S???????,S?,127-17-1347,127,17,1347,10,,0.141130643507,14.113,,invalid_selection,False,,,0.0,0.0,0.0,line_break_back_chigire_s,trifecta,challenger,False,s_class_line_break_gate_requires_forward_evidence,fixed_research_gate,18.0,0.4078,0.279601467955,s
2025-05-28,伊東,,6,,,20250528-37-06,S???????,S?,234-24-1247,234,24,1247,10,,0.146502322401,14.65,,invalid_selection,False,,,0.0,0.0,0.0,line_break_back_chigire_s,trifecta,challenger,False,s_class_line_break_gate_requires_forward_evidence,fixed_research_gate,15.0,0.566,0.347372330868,s
2025-05-28,豊橋,,9,,,20250528-45-09,S???????,S?,147-12-1247,147,12,1247,10,,0.149639337085,14.964,,invalid_selection,False,,,0.0,0.0,0.0,line_break_back_chigire_s,trifecta,challenger,False,s_class_line_break_gate_requires_forward_evidence,fixed_research_gate,15.0,0.4392,0.385073730441,s
2025-05-29,弥彦,,5,,,20250529-21-05,S???????,S?,145-15-1345,145,15,1345,8,,0.146250156615,14.625,,invalid_selection,False,,,0.0,0.0,0.0,line_break_back_chigire_s,trifecta,challenger,False,s_class_line_break_gate_requires_forward_evidence,fixed_research_gate,17.0,0.3317,0.269787576907,s
2025-05-29,弥彦,,7,,,20250529-21-07,S???????,S?,257-25-1257,257,25,1257,8,,0.143030507384,14.303,,invalid_selection,False,,,0.0,0.0,0.0,line_break_back_chigire_s,trifecta,challenger,False,s_class_line_break_gate_requires_forward_evidence,fixed_research_gate,8.0,0.5228,0.266386622812,s
2025-05-29,弥彦,,9,,,20250529-21-09,S???????,S?,127-27-2347,127,27,2347,10,,0.144465115505,14.447,,invalid_selection,False,,,0.0,0.0,0.0,line_break_back_chigire_s,trifecta,challenger,False,s_class_line_break_gate_requires_forward_evidence,fixed_research_gate,9.0,0.4047,0.290876320544,s
2025-05-29,豊橋,,9,,,20250529-45-09,S???????,S?,247-23-2347,247,23,2347,10,,0.140911012659,14.091,,invalid_selection,False,,,0.0,0.0,0.0,line_break_back_chigire_s,trifecta,challenger,False,s_class_line_break_gate_requires_forward_evidence,fixed_research_gate,15.0,0.5123,0.293724026451,s
2025-05-29,高松,,10,,,20250529-71-10,S???????,S?,125-15-1457,125,15,1457,10,,0.140213189635,14.021,,invalid_selection,False,,,0.0,0.0,0.0,line_break_back_chigire_s,trifecta,challenger,False,s_class_line_break_gate_requires_forward_evidence,fixed_research_gate,15.0,0.4462,0.309672362314,s
2025-05-31,四日市,,7,,,20250531-48-07,S???????,S?,134-13-1357,134,13,1357,10,,0.138981752041,13.898,,invalid_selection,False,,,0.0,0.0,0.0,line_break_back_chigire_s,trifecta,challenger,False,s_class_line_break_gate_requires_forward_evidence,fixed_research_gate,12.0,0.4065,0.306811986075,s
2025-05-31,四日市,,8,,,20250531-48-08,S???????,S?,125-15-1257,125,15,1257,8,,0.143346328996,14.335,,invalid_selection,False,,,0.0,0.0,0.0,line_break_back_chigire_s,trifecta,challenger,False,s_class_line_break_gate_requires_forward_evidence,fixed_research_gate,10.0,0.455,0.295327094695,s
2025-05-31,四日市,,10,,,20250531-48-10,S???????,S?,245-25-1257,245,25,1257,10,,0.144710384167,14.471,,invalid_selection,False,,,0.0,0.0,0.0,line_break_back_chigire_s,trifecta,challenger,False,s_class_line_break_gate_requires_forward_evidence,fixed_research_gate,12.0,0.375,0.310852422767,s
2025-05-31,四日市,,11,,,20250531-48-11,S???????,S?,125-15-1345,125,15,1345,10,,0.156229492989,15.623,,invalid_selection,False,,,0.0,0.0,0.0,line_break_back_chigire_s,trifecta,challenger,False,s_class_line_break_gate_requires_forward_evidence,fixed_research_gate,16.0,0.5105,0.307102674284,s
2025-06-02,福井,,11,,,20250602-51-11,S???????,S?,134-45-1345,134,45,1345,10,,0.171305814669,17.131,,invalid_selection,False,,,0.0,0.0,0.0,line_break_back_chigire_s,trifecta,challenger,False,s_class_line_break_gate_requires_forward_evidence,fixed_research_gate,12.0,0.4983,0.313410379419,s
2025-06-03,函館,,6,,,20250603-11-06,S???????,S?,135-13-1235,135,13,1235,8,,0.194732317188,19.473,,invalid_selection,False,,,0.0,0.0,0.0,line_break_back_chigire_s,trifecta,challenger,False,s_class_line_break_gate_requires_forward_evidence,fixed_research_gate,10.0,0.3055,0.263192450231,s
2025-06-03,福井,,6,,,20250603-51-06,S???????,S?,124-24-1234,124,24,1234,8,,0.158940306559,15.894,,invalid_selection,False,,,0.0,0.0,0.0,line_break_back_chigire_s,trifecta,challenger,False,s_class_line_break_gate_requires_forward_evidence,fixed_research_gate,16.0,0.4983,0.265209463247,s
2025-06-06,大垣,,6,,,20250606-44-06,S???????,S?,147-14-1345,147,14,1345,10,,0.138455471486,13.846,,invalid_selection,False,,,0.0,0.0,0.0,line_break_back_chigire_s,trifecta,challenger,False,s_class_line_break_gate_requires_forward_evidence,fixed_research_gate,13.0,0.3855,0.267446682874,s
2025-06-06,大垣,,11,,,20250606-44-11,S???????,S?,245-45-2457,245,45,2457,8,,0.156216295829,15.622,,invalid_selection,False,,,0.0,0.0,0.0,line_break_back_chigire_s,trifecta,challenger,False,s_class_line_break_gate_requires_forward_evidence,fixed_research_gate,13.0,0.3558,0.268519441192,s
2025-06-07,大垣,,6,,,20250607-44-06,S???????,S?,124-12-1234,124,12,1234,8,,0.15234928992,15.235,,invalid_selection,False,,,0.0,0.0,0.0,line_break_back_chigire_s,trifecta,challenger,False,s_class_line_break_gate_requires_forward_evidence,fixed_research_gate,11.0,0.549,0.3319441869,s
2025-06-09,宇都宮,,7,,,20250609-24-07,S???????,S?,457-47-2347,457,47,2347,10,,0.144685153201,14.469,,invalid_selection,False,,,0.0,0.0,0.0,line_break_back_chigire_s,trifecta,challenger,False,s_class_line_break_gate_requires_forward_evidence,fixed_research_gate,12.0,0.3785,0.286715757578,s
2025-06-09,宇都宮,,9,,,20250609-24-09,S???????,S?,247-27-1247,247,27,1247,8,,0.143986994549,14.399,,invalid_selection,False,,,0.0,0.0,0.0,line_break_back_chigire_s,trifecta,challenger,False,s_class_line_break_gate_requires_forward_evidence,fixed_research_gate,14.0,0.347,0.289969735272,s
2025-06-09,奈良,,9,,,20250609-53-09,S???????,S?,345-35-2345,345,35,2345,8,,0.172219525525,17.222,,invalid_selection,False,,,0.0,0.0,0.0,line_break_back_chigire_s,trifecta,challenger,False,s_class_line_break_gate_requires_forward_evidence,fixed_research_gate,12.0,0.3213,0.324052081209,s
2025-06-10,玉野,,11,,,20250610-61-11,S???????,S?,257-27-1257,257,27,1257,8,,0.149618545737,14.962,,invalid_selection,False,,,0.0,0.0,0.0,line_break_back_chigire_s,trifecta,challenger,False,s_class_line_break_gate_requires_forward_evidence,fixed_research_gate,12.0,0.3715,0.344844172019,s
2025-06-11,宇都宮,,5,,,20250611-24-05,S???????,S?,235-35-1345,235,35,1345,10,,0.158371572891,15.837,,invalid_selection,False,,,0.0,0.0,0.0,line_break_back_chigire_s,trifecta,challenger,False,s_class_line_break_gate_requires_forward_evidence,fixed_research_gate,12.0,0.4948,0.334866422845,s
2025-06-11,宇都宮,,6,,,20250611-24-06,S???????,S?,136-13-1345,136,13,1345,10,,0.162899622473,16.29,,invalid_selection,False,,,0.0,0.0,0.0,line_break_back_chigire_s,trifecta,challenger,False,s_class_line_break_gate_requires_forward_evidence,fixed_research_gate,9.0,0.559,0.298670782451,s
2025-06-17,松戸,,6,,,20250617-31-06,S???????,S?,124-24-2457,124,24,2457,10,,0.158472353728,15.847,,invalid_selection,False,,,0.0,0.0,0.0,line_break_back_chigire_s,trifecta,challenger,False,s_class_line_break_gate_requires_forward_evidence,fixed_research_gate,10.0,0.5345,0.307397141667,s
2025-06-18,松戸,,10,,,20250618-31-10,S???????,S?,137-37-2357,137,37,2357,10,,0.150311496695,15.031,,invalid_selection,False,,,0.0,0.0,0.0,line_break_back_chigire_s,trifecta,challenger,False,s_class_line_break_gate_requires_forward_evidence,fixed_research_gate,14.0,0.5052,0.27585057651,s
2025-06-18,小倉,,7,,,20250618-81-07,S???????,S?,357-37-1237,357,37,1237,10,,0.138754380268,13.875,,invalid_selection,False,,,0.0,0.0,0.0,line_break_back_chigire_s,trifecta,challenger,False,s_class_line_break_gate_requires_forward_evidence,fixed_research_gate,11.0,0.4965,0.285348980285,s
2025-06-20,前橋,,6,,,20250620-22-06,S???????,S?,237-27-2457,237,27,2457,10,,0.151889637365,15.189,,invalid_selection,False,,,0.0,0.0,0.0,line_break_back_chigire_s,trifecta,challenger,False,s_class_line_break_gate_requires_forward_evidence,fixed_research_gate,12.0,0.389,0.278149095839,s
2025-06-20,前橋,,7,,,20250620-22-07,S???????,S?,124-24-2457,124,24,2457,10,,0.152190101869,15.219,,invalid_selection,False,,,0.0,0.0,0.0,line_break_back_chigire_s,trifecta,challenger,False,s_class_line_break_gate_requires_forward_evidence,fixed_research_gate,16.0,0.403,0.274403401315,s
2025-06-20,前橋,,9,,,20250620-22-09,S???????,S?,124-14-1345,124,14,1345,10,,0.149814145091,14.981,,invalid_selection,False,,,0.0,0.0,0.0,line_break_back_chigire_s,trifecta,challenger,False,s_class_line_break_gate_requires_forward_evidence,fixed_research_gate,19.0,0.4095,0.302759607496,s
2025-06-20,小倉,,7,,,20250620-81-07,S???????,S?,345-35-1345,345,35,1345,8,,0.139443004302,13.944,,invalid_selection,False,,,0.0,0.0,0.0,line_break_back_chigire_s,trifecta,challenger,False,s_class_line_break_gate_requires_forward_evidence,fixed_research_gate,9.0,0.528,0.306862131991,s
2025-06-20,小倉,,10,,,20250620-81-10,S???????,S?,137-17-1257,137,17,1257,10,,0.150137086192,15.014,,invalid_selection,False,,,0.0,0.0,0.0,line_break_back_chigire_s,trifecta,challenger,False,s_class_line_break_gate_requires_forward_evidence,fixed_research_gate,13.0,0.257,0.321961310994,s
2025-06-21,前橋,,12,,,20250621-22-12,S???????,S?,127-17-1457,127,17,1457,10,,0.142219958759,14.222,,invalid_selection,False,,,0.0,0.0,0.0,line_break_back_chigire_s,trifecta,challenger,False,s_class_line_break_gate_requires_forward_evidence,fixed_research_gate,14.0,0.396,0.34583571895,s
2025-06-21,平塚,,10,,,20250621-35-10,S???????,S?,137-17-1357,137,17,1357,8,,0.159185319506,15.919,,invalid_selection,False,,,0.0,0.0,0.0,line_break_back_chigire_s,trifecta,challenger,False,s_class_line_break_gate_requires_forward_evidence,fixed_research_gate,10.0,0.3003,0.262590773136,s
2025-06-22,平塚,,9,,,20250622-35-09,S???????,S?,257-27-2357,257,27,2357,8,,0.145645339988,14.565,,invalid_selection,False,,,0.0,0.0,0.0,line_break_back_chigire_s,trifecta,challenger,False,s_class_line_break_gate_requires_forward_evidence,fixed_research_gate,13.0,0.4375,0.2569246548,s
2025-06-24,富山,,7,,,20250624-46-07,S???????,S?,157-15-1245,157,15,1245,10,,0.138899285221,13.89,,invalid_selection,False,,,0.0,0.0,0.0,line_break_back_chigire_s,trifecta,challenger,False,s_class_line_break_gate_requires_forward_evidence,fixed_research_gate,8.0,0.479,0.258066173045,s
2025-06-24,高知,,7,,,20250624-74-07,S???????,S?,234-24-2345,234,24,2345,8,,0.164304644659,16.43,,invalid_selection,False,,,0.0,0.0,0.0,line_break_back_chigire_s,trifecta,challenger,False,s_class_line_break_gate_requires_forward_evidence,fixed_research_gate,12.0,0.4913,0.259002200377,s
2025-06-25,富山,,6,,,20250625-46-06,S???????,S?,126-16-1256,126,16,1256,8,,0.175047536147,17.505,,invalid_selection,False,,,0.0,0.0,0.0,line_break_back_chigire_s,trifecta,challenger,False,s_class_line_break_gate_requires_forward_evidence,fixed_research_gate,12.0,0.559,0.285667271432,s
2025-06-25,熊本,,11,,,20250625-87-11,S???????,S?,145-14-1234,145,14,1234,10,,0.14496409599,14.496,,invalid_selection,False,,,0.0,0.0,0.0,line_break_back_chigire_s,trifecta,challenger,False,s_class_line_break_gate_requires_forward_evidence,fixed_research_gate,11.0,0.3387,0.312929052667,s
2025-06-26,前橋,,7,,,20250626-22-07,S???????,S?,127-27-2347,127,27,2347,10,,0.175268878836,17.527,,invalid_selection,False,,,0.0,0.0,0.0,line_break_back_chigire_s,trifecta,challenger,False,s_class_line_break_gate_requires_forward_evidence,fixed_research_gate,13.0,0.5175,0.316554090184,s
2025-06-26,前橋,,11,,,20250626-22-11,S???????,S?,134-14-1247,134,14,1247,10,,0.156458882724,15.646,,invalid_selection,False,,,0.0,0.0,0.0,line_break_back_chigire_s,trifecta,challenger,False,s_class_line_break_gate_requires_forward_evidence,fixed_research_gate,8.0,0.573,0.363939154851,s
2025-06-27,玉野,,7,,,20250627-61-07,S???????,S?,145-14-1345,145,14,1345,8,,0.140397080394,14.04,,invalid_selection,False,,,0.0,0.0,0.0,line_break_back_chigire_s,trifecta,challenger,False,s_class_line_break_gate_requires_forward_evidence,fixed_research_gate,21.0,0.4007,0.305183526549,s
2025-06-27,玉野,,10,,,20250627-61-10,S???????,S?,257-25-2457,257,25,2457,8,,0.143976162152,14.398,,invalid_selection,False,,,0.0,0.0,0.0,line_break_back_chigire_s,trifecta,challenger,False,s_class_line_break_gate_requires_forward_evidence,fixed_research_gate,15.0,0.3802,0.331100496319,s
2025-06-27,玉野,,11,,,20250627-61-11,S???????,S?,145-14-1457,145,14,1457,8,,0.138526590082,13.853,,invalid_selection,False,,,0.0,0.0,0.0,line_break_back_chigire_s,trifecta,challenger,False,s_class_line_break_gate_requires_forward_evidence,fixed_research_gate,17.0,0.2483,0.285508379488,s
2025-06-28,前橋,,5,,,20250628-22-05,S???????,S?,134-13-1235,134,13,1235,10,,0.170143849468,17.014,,invalid_selection,False,,,0.0,0.0,0.0,line_break_back_chigire_s,trifecta,challenger,False,s_class_line_break_gate_requires_forward_evidence,fixed_research_gate,13.0,0.354,0.319093329375,s
2025-06-28,前橋,,6,,,20250628-22-06,S???????,S?,124-14-1457,124,14,1457,10,,0.142973536949,14.297,,invalid_selection,False,,,0.0,0.0,0.0,line_break_back_chigire_s,trifecta,challenger,False,s_class_line_break_gate_requires_forward_evidence,fixed_research_gate,20.0,0.6115,0.346334225913,s
2025-06-28,玉野,,10,,,20250628-61-10,S???????,S?,137-37-2347,137,37,2347,10,,0.139030284579,13.903,,invalid_selection,False,,,0.0,0.0,0.0,line_break_back_chigire_s,trifecta,challenger,False,s_class_line_break_gate_requires_forward_evidence,fixed_research_gate,15.0,0.4357,0.301379450849,s
2025-06-29,岸和田,,7,,,20250629-56-07,S???????,S?,257-57-3457,257,57,3457,10,,0.150809268698,15.081,,invalid_selection,False,,,0.0,0.0,0.0,line_break_back_chigire_s,trifecta,challenger,False,s_class_line_break_gate_requires_forward_evidence,fixed_research_gate,11.0,0.5192,0.274500297797,s
2025-06-29,岸和田,,10,,,20250629-56-10,S???????,S?,125-15-1457,125,15,1457,10,,0.158491412442,15.849,,invalid_selection,False,,,0.0,0.0,0.0,line_break_back_chigire_s,trifecta,challenger,False,s_class_line_break_gate_requires_forward_evidence,fixed_research_gate,10.0,0.3488,0.335634800285,s
2025-06-29,岸和田,,11,,,20250629-56-11,S???????,S?,457-45-2457,457,45,2457,8,,0.150443904541,15.044,,invalid_selection,False,,,0.0,0.0,0.0,line_break_back_chigire_s,trifecta,challenger,False,s_class_line_break_gate_requires_forward_evidence,fixed_research_gate,21.0,0.3838,0.286190209844,s
2025-06-29,玉野,,5,,,20250629-61-05,S???????,S?,123-15-1235,123,15,1235,10,,0.165361387446,16.536,,invalid_selection,False,,,0.0,0.0,0.0,line_break_back_chigire_s,trifecta,challenger,False,s_class_line_break_gate_requires_forward_evidence,fixed_research_gate,15.0,0.5713,0.274166498675,s
2025-06-29,玉野,,12,,,20250629-61-12,S???????,S?,123-13-1357,123,13,1357,10,,0.174595135459,17.46,,invalid_selection,False,,,0.0,0.0,0.0,line_break_back_chigire_s,trifecta,challenger,False,s_class_line_break_gate_requires_forward_evidence,fixed_research_gate,15.0,0.521,0.293476381201,s
2025-06-30,岸和田,,6,,,20250630-56-06,S???????,S?,134-13-1356,134,13,1356,10,,0.192478078587,19.248,,invalid_selection,False,,,0.0,0.0,0.0,line_break_back_chigire_s,trifecta,challenger,False,s_class_line_break_gate_requires_forward_evidence,fixed_research_gate,17.0,0.4895,0.333583604106,s
2025-07-01,岸和田,,5,,,20250701-56-05,S???????,S?,345-35-1235,345,35,1235,10,,0.196564546916,19.656,,invalid_selection,False,,,0.0,0.0,0.0,line_break_back_chigire_s,trifecta,challenger,False,s_class_line_break_gate_requires_forward_evidence,fixed_research_gate,20.0,0.5713,0.306247998771,s
2025-07-01,岸和田,,7,,,20250701-56-07,S???????,S?,145-15-1257,145,15,1257,10,,0.153865271181,15.387,,invalid_selection,False,,,0.0,0.0,0.0,line_break_back_chigire_s,trifecta,challenger,False,s_class_line_break_gate_requires_forward_evidence,fixed_research_gate,9.0,0.5817,0.284403754745,s
2025-07-11,佐世保,,6,,,20250711-85-06,S???????,S?,123-23-1234,123,23,1234,8,,0.215771632541,21.577,,invalid_selection,False,,,0.0,0.0,0.0,line_break_back_chigire_s,trifecta,challenger,False,s_class_line_break_gate_requires_forward_evidence,fixed_research_gate,9.0,0.4983,0.277381805009,s
2025-07-17,青森,,10,,,20250717-12-10,S???????,S?,267-27-2457,267,27,2457,10,,0.159959387563,15.996,,invalid_selection,False,,,0.0,0.0,0.0,line_break_back_chigire_s,trifecta,challenger,False,s_class_line_break_gate_requires_forward_evidence,fixed_research_gate,20.0,0.2255,0.269640868988,s
2025-07-18,青森,,10,,,20250718-12-10,S???????,S?,135-13-1345,135,13,1345,8,,0.151459234947,15.146,,invalid_selection,False,,,0.0,0.0,0.0,line_break_back_chigire_s,trifecta,challenger,False,s_class_line_break_gate_requires_forward_evidence,fixed_research_gate,13.0,0.3488,0.322464142797,s
2025-07-19,青森,,8,,,20250719-12-08,S???????,S?,234-34-3457,234,34,3457,10,,0.142157774998,14.216,,invalid_selection,False,,,0.0,0.0,0.0,line_break_back_chigire_s,trifecta,challenger,False,s_class_line_break_gate_requires_forward_evidence,fixed_research_gate,20.0,0.2705,0.276879800928,s
2025-07-22,豊橋,,11,,,20250722-45-11,S???????,S?,134-14-1245,134,14,1245,10,,0.149748483281,14.975,,invalid_selection,False,,,0.0,0.0,0.0,line_break_back_chigire_s,trifecta,challenger,False,s_class_line_break_gate_requires_forward_evidence,fixed_research_gate,19.0,0.3798,0.338754021492,s
2025-07-28,富山,,6,,,20250728-46-06,S???????,S?,245-24-1246,245,24,1246,10,,0.179475216547,17.948,,invalid_selection,False,,,0.0,0.0,0.0,line_break_back_chigire_s,trifecta,challenger,False,s_class_line_break_gate_requires_forward_evidence,fixed_research_gate,9.0,0.5192,0.285252268785,s
2025-07-29,別府,,8,,,20250729-86-08,S???????,S?,125-25-2345,125,25,2345,10,,0.231476925328,23.148,,invalid_selection,False,,,0.0,0.0,0.0,line_break_back_chigire_s,trifecta,challenger,False,s_class_line_break_gate_requires_forward_evidence,fixed_research_gate,13.0,0.5485,0.263582401551,s
2025-07-29,別府,,9,,,20250729-86-09,S???????,S?,234-34-2345,234,34,2345,8,,0.18885784294,18.886,,invalid_selection,False,,,0.0,0.0,0.0,line_break_back_chigire_s,trifecta,challenger,False,s_class_line_break_gate_requires_forward_evidence,fixed_research_gate,18.0,0.4515,0.270216268525,s
2025-07-30,小松島,,10,,,20250730-73-10,S???????,S?,135-15-1257,135,15,1257,10,,0.143470881799,14.347,,invalid_selection,False,,,0.0,0.0,0.0,line_break_back_chigire_s,trifecta,challenger,False,s_class_line_break_gate_requires_forward_evidence,fixed_research_gate,8.0,0.4012,0.295173828535,s
2025-07-30,別府,,6,,,20250730-86-06,S???????,S?,135-35-2345,135,35,2345,10,,0.231971809532,23.197,,invalid_selection,False,,,0.0,0.0,0.0,line_break_back_chigire_s,trifecta,challenger,False,s_class_line_break_gate_requires_forward_evidence,fixed_research_gate,20.0,0.455,0.257643630318,s
2025-08-01,久留米,,9,,,20250801-83-09,S???????,S?,247-24-1234,247,24,1234,10,,0.164088127076,16.409,,invalid_selection,False,,,0.0,0.0,0.0,line_break_back_chigire_s,trifecta,challenger,False,s_class_line_break_gate_requires_forward_evidence,fixed_research_gate,8.0,0.49,0.266746686804,s
2025-08-03,久留米,,6,,,20250803-83-06,S???????,S?,245-25-1235,245,25,1235,10,,0.149722692988,14.972,,invalid_selection,False,,,0.0,0.0,0.0,line_break_back_chigire_s,trifecta,challenger,False,s_class_line_break_gate_requires_forward_evidence,fixed_research_gate,9.0,0.5397,0.277724119079,s
2025-08-04,西武園,,11,,,20250804-26-11,S???????,S?,137-17-1457,137,17,1457,10,,0.147978062271,14.798,,invalid_selection,False,,,0.0,0.0,0.0,line_break_back_chigire_s,trifecta,challenger,False,s_class_line_break_gate_requires_forward_evidence,fixed_research_gate,19.0,0.3247,0.344261683135,s
2025-08-06,四日市,,7,,,20250806-48-07,S???????,S?,125-25-2357,125,25,2357,10,,0.144721462876,14.472,,invalid_selection,False,,,0.0,0.0,0.0,line_break_back_chigire_s,trifecta,challenger,False,s_class_line_break_gate_requires_forward_evidence,fixed_research_gate,9.0,0.4462,0.263888149474,s
2025-08-07,福井,,6,,,20250807-51-06,S???????,S?,234-34-3456,234,34,3456,10,,0.155520554334,15.552,,invalid_selection,False,,,0.0,0.0,0.0,line_break_back_chigire_s,trifecta,challenger,False,s_class_line_break_gate_requires_forward_evidence,fixed_research_gate,9.0,0.4113,0.273557259268,s
2025-08-08,小松島,,8,,,20250808-73-08,S???????,S?,145-15-1245,145,15,1245,8,,0.140916702736,14.092,,invalid_selection,False,,,0.0,0.0,0.0,line_break_back_chigire_s,trifecta,challenger,False,s_class_line_break_gate_requires_forward_evidence,fixed_research_gate,15.0,0.399,0.318505090706,s
2025-08-12,前橋,,8,,,20250812-22-08,S???????,S?,124-34-1234,124,34,1234,10,,0.149069835314,14.907,,invalid_selection,False,,,0.0,0.0,0.0,line_break_back_chigire_s,trifecta,challenger,False,s_class_line_break_gate_requires_forward_evidence,fixed_research_gate,12.0,0.4323,0.32603233123,s
2025-08-12,富山,,10,,,20250812-46-10,S???????,S?,135-35-3457,135,35,3457,10,,0.149087883829,14.909,,invalid_selection,False,,,0.0,0.0,0.0,line_break_back_chigire_s,trifecta,challenger,False,s_class_line_break_gate_requires_forward_evidence,fixed_research_gate,12.0,0.3055,0.32362607021,s
2025-08-14,前橋,,5,,,20250814-22-05,S???????,S?,237-27-1247,237,27,1247,10,,0.142638372331,14.264,,invalid_selection,False,,,0.0,0.0,0.0,line_break_back_chigire_s,trifecta,challenger,False,s_class_line_break_gate_requires_forward_evidence,fixed_research_gate,15.0,0.5,0.258769561708,s
2025-08-15,岸和田,,10,,,20250815-56-10,S???????,S?,235-25-1257,235,25,1257,10,,0.170177926985,17.018,,invalid_selection,False,,,0.0,0.0,0.0,line_break_back_chigire_s,trifecta,challenger,False,s_class_line_break_gate_requires_forward_evidence,fixed_research_gate,13.0,0.389,0.352429163963,s
2025-08-16,大宮,,6,,,20250816-25-06,S???????,S?,135-13-1235,135,13,1235,8,,0.237878596882,23.788,,invalid_selection,False,,,0.0,0.0,0.0,line_break_back_chigire_s,trifecta,challenger,False,s_class_line_break_gate_requires_forward_evidence,fixed_research_gate,12.0,0.3925,0.29982163138,s
2025-08-20,取手,,9,,,20250820-23-09,S???????,S?,257-27-1237,257,27,1237,10,,0.139587920295,13.959,,invalid_selection,False,,,0.0,0.0,0.0,line_break_back_chigire_s,trifecta,challenger,False,s_class_line_break_gate_requires_forward_evidence,fixed_research_gate,15.0,0.316,0.295729039633,s
2025-08-20,取手,,11,,,20250820-23-11,S???????,S?,137-17-1457,137,17,1457,10,,0.154685747475,15.469,,invalid_selection,False,,,0.0,0.0,0.0,line_break_back_chigire_s,trifecta,challenger,False,s_class_line_break_gate_requires_forward_evidence,fixed_research_gate,14.0,0.3907,0.343374725519,s
2025-08-20,玉野,,9,,,20250820-61-09,S???????,S?,124-24-2457,124,24,2457,10,,0.153541110047,15.354,,invalid_selection,False,,,0.0,0.0,0.0,line_break_back_chigire_s,trifecta,challenger,False,s_class_line_break_gate_requires_forward_evidence,fixed_research_gate,10.0,0.5298,0.274201263694,s
2025-08-21,小倉,,11,,,20250821-81-11,S???????,S?,125-12-1257,125,12,1257,8,,0.148884456924,14.888,,invalid_selection,False,,,0.0,0.0,0.0,line_break_back_chigire_s,trifecta,challenger,False,s_class_line_break_gate_requires_forward_evidence,fixed_research_gate,13.0,0.3213,0.286658670916,s
2025-08-23,奈良,,6,,,20250823-53-06,S???????,S?,125-25-1256,125,25,1256,8,,0.149309828907,14.931,,invalid_selection,False,,,0.0,0.0,0.0,line_break_back_chigire_s,trifecta,challenger,False,s_class_line_break_gate_requires_forward_evidence,fixed_research_gate,13.0,0.4427,0.307485656253,s
2025-08-24,高知,,6,,,20250824-74-06,S???????,S?,123-23-1235,123,23,1235,8,,0.184498076369,18.45,,invalid_selection,False,,,0.0,0.0,0.0,line_break_back_chigire_s,trifecta,challenger,False,s_class_line_break_gate_requires_forward_evidence,fixed_research_gate,13.0,0.441,0.266981269862,s
2025-08-25,宇都宮,,9,,,20250825-24-09,S???????,S?,357-37-1347,357,37,1347,10,,0.160640606126,16.064,,invalid_selection,False,,,0.0,0.0,0.0,line_break_back_chigire_s,trifecta,challenger,False,s_class_line_break_gate_requires_forward_evidence,fixed_research_gate,15.0,0.5368,0.302038391602,s
2025-08-25,高知,,5,,,20250825-74-05,S???????,S?,135-13-1345,135,13,1345,8,,0.212752957554,21.275,,invalid_selection,False,,,0.0,0.0,0.0,line_break_back_chigire_s,trifecta,challenger,False,s_class_line_break_gate_requires_forward_evidence,fixed_research_gate,12.0,0.514,0.277348067316,s
2025-08-28,川崎,,9,,,20250828-34-09,S???????,S?,135-13-1345,135,13,1345,8,,0.146864623841,14.686,,invalid_selection,False,,,0.0,0.0,0.0,line_break_back_chigire_s,trifecta,challenger,False,s_class_line_break_gate_requires_forward_evidence,fixed_research_gate,12.0,0.4602,0.284280789123,s
2025-08-30,岐阜,,11,,,20250830-43-11,S???????,S?,345-35-1357,345,35,1357,10,,0.168903316744,16.89,,invalid_selection,False,,,0.0,0.0,0.0,line_break_back_chigire_s,trifecta,challenger,False,s_class_line_break_gate_requires_forward_evidence,fixed_research_gate,16.0,0.3458,0.308973868772,s
2025-09-01,武雄,,11,,,20250901-84-11,S???????,S?,157-17-1257,157,17,1257,8,,0.142703090023,14.27,,invalid_selection,False,,,0.0,0.0,0.0,line_break_back_chigire_s,trifecta,challenger,False,s_class_line_break_gate_requires_forward_evidence,fixed_research_gate,8.0,0.295,0.308472272776,s
2025-09-02,武雄,,6,,,20250902-84-06,S???????,S?,345-45-2345,345,45,2345,8,,0.149202298709,14.92,,invalid_selection,False,,,0.0,0.0,0.0,line_break_back_chigire_s,trifecta,challenger,False,s_class_line_break_gate_requires_forward_evidence,fixed_research_gate,8.0,0.4878,0.268685632515,s
2025-09-03,弥彦,,10,,,20250903-21-10,S???????,S?,257-57-1457,257,57,1457,10,,0.181991904656,18.199,,invalid_selection,False,,,0.0,0.0,0.0,line_break_back_chigire_s,trifecta,challenger,False,s_class_line_break_gate_requires_forward_evidence,fixed_research_gate,16.0,0.368,0.301739821343,s
2025-09-03,弥彦,,11,,,20250903-21-11,S???????,S?,124-24-2457,124,24,2457,10,,0.174213743142,17.421,,invalid_selection,False,,,0.0,0.0,0.0,line_break_back_chigire_s,trifecta,challenger,False,s_class_line_break_gate_requires_forward_evidence,fixed_research_gate,12.0,0.4445,0.335235563371,s
2025-09-03,川崎,,10,,,20250903-34-10,S???????,S?,457-45-2345,457,45,2345,10,,0.144185924792,14.419,,invalid_selection,False,,,0.0,0.0,0.0,line_break_back_chigire_s,trifecta,challenger,False,s_class_line_break_gate_requires_forward_evidence,fixed_research_gate,16.0,0.5262,0.294916391539,s
2025-09-04,弥彦,,7,,,20250904-21-07,S???????,S?,235-23-2345,235,23,2345,8,,0.194646768908,19.465,,invalid_selection,False,,,0.0,0.0,0.0,line_break_back_chigire_s,trifecta,challenger,False,s_class_line_break_gate_requires_forward_evidence,fixed_research_gate,12.0,0.5123,0.293916555893,s
2025-09-04,川崎,,10,,,20250904-34-10,S???????,S?,124-14-1247,124,14,1247,8,,0.150392801702,15.039,,invalid_selection,False,,,0.0,0.0,0.0,line_break_back_chigire_s,trifecta,challenger,False,s_class_line_break_gate_requires_forward_evidence,fixed_research_gate,15.0,0.3715,0.298145208503,s
2025-09-05,弥彦,,6,,,20250905-21-06,S???????,S?,145-45-1245,145,45,1245,8,,0.179810323565,17.981,,invalid_selection,False,,,0.0,0.0,0.0,line_break_back_chigire_s,trifecta,challenger,False,s_class_line_break_gate_requires_forward_evidence,fixed_research_gate,8.0,0.3768,0.272169737269,s
2025-09-05,川崎,,7,,,20250905-34-07,S???????,S?,147-47-2347,147,47,2347,10,,0.14597650745,14.598,,invalid_selection,False,,,0.0,0.0,0.0,line_break_back_chigire_s,trifecta,challenger,False,s_class_line_break_gate_requires_forward_evidence,fixed_research_gate,16.0,0.3907,0.303553501124,s
2025-09-06,小倉,,6,,,20250906-81-06,S???????,S?,247-24-1234,247,24,1234,10,,0.161756636701,16.176,,invalid_selection,False,,,0.0,0.0,0.0,line_break_back_chigire_s,trifecta,challenger,False,s_class_line_break_gate_requires_forward_evidence,fixed_research_gate,12.0,0.417,0.275259944465,s
2025-09-06,小倉,,8,,,20250906-81-08,S???????,S?,135-15-1357,135,15,1357,8,,0.146736467005,14.674,,invalid_selection,False,,,0.0,0.0,0.0,line_break_back_chigire_s,trifecta,challenger,False,s_class_line_break_gate_requires_forward_evidence,fixed_research_gate,17.0,0.3453,0.287550818704,s
2025-09-06,小倉,,11,,,20250906-81-11,S???????,S?,125-25-2345,125,25,2345,10,,0.175327776542,17.533,,invalid_selection,False,,,0.0,0.0,0.0,line_break_back_chigire_s,trifecta,challenger,False,s_class_line_break_gate_requires_forward_evidence,fixed_research_gate,8.0,0.3177,0.316899336759,s
2025-09-08,小倉,,6,,,20250908-81-06,S???????,S?,147-47-2347,147,47,2347,10,,0.144838721008,14.484,,invalid_selection,False,,,0.0,0.0,0.0,line_break_back_chigire_s,trifecta,challenger,False,s_class_line_break_gate_requires_forward_evidence,fixed_research_gate,12.0,0.455,0.262523536043,s
2025-09-09,平塚,,6,,,20250909-35-06,S???????,S?,234-34-3457,234,34,3457,10,,0.148243880594,14.824,,invalid_selection,False,,,0.0,0.0,0.0,line_break_back_chigire_s,trifecta,challenger,False,s_class_line_break_gate_requires_forward_evidence,fixed_research_gate,10.0,0.5595,0.312586457965,s
2025-09-10,京王閣,,8,,,20250910-27-08,S???????,S?,145-25-1245,145,25,1245,10,,0.138898891858,13.89,,invalid_selection,False,,,0.0,0.0,0.0,line_break_back_chigire_s,trifecta,challenger,False,s_class_line_break_gate_requires_forward_evidence,fixed_research_gate,10.0,0.3645,0.305211667116,s
2025-09-10,京王閣,,9,,,20250910-27-09,S???????,S?,125-25-2357,125,25,2357,10,,0.168373740219,16.837,,invalid_selection,False,,,0.0,0.0,0.0,line_break_back_chigire_s,trifecta,challenger,False,s_class_line_break_gate_requires_forward_evidence,fixed_research_gate,14.0,0.3768,0.341782950123,s
2025-09-10,松阪,,3,,,20250910-47-03,S???????,S?,123-12-1245,123,12,1245,10,,0.163831059177,16.383,,invalid_selection,False,,,0.0,0.0,0.0,line_break_back_chigire_s,trifecta,challenger,False,s_class_line_break_gate_requires_forward_evidence,fixed_research_gate,15.0,0.4615,0.306688000483,s
2025-09-11,京王閣,,6,,,20250911-27-06,S???????,S?,123-23-2345,123,23,2345,10,,0.163812036646,16.381,,invalid_selection,False,,,0.0,0.0,0.0,line_break_back_chigire_s,trifecta,challenger,False,s_class_line_break_gate_requires_forward_evidence,fixed_research_gate,9.0,0.6162,0.344343942064,s
2025-09-12,佐世保,,11,,,20250912-85-11,S???????,S?,137-37-2347,137,37,2347,10,,0.152813544698,15.281,,invalid_selection,False,,,0.0,0.0,0.0,line_break_back_chigire_s,trifecta,challenger,False,s_class_line_break_gate_requires_forward_evidence,fixed_research_gate,17.0,0.3838,0.297509784748,s
2025-09-13,名古屋,,6,,,20250913-42-06,S???????,S?,145-14-1234,145,14,1234,10,,0.157226890014,15.723,,invalid_selection,False,,,0.0,0.0,0.0,line_break_back_chigire_s,trifecta,challenger,False,s_class_line_break_gate_requires_forward_evidence,fixed_research_gate,15.0,0.3593,0.361953625521,s
2025-09-13,名古屋,,11,,,20250913-42-11,S???????,S?,137-37-1347,137,37,1347,8,,0.150602369103,15.06,,invalid_selection,False,,,0.0,0.0,0.0,line_break_back_chigire_s,trifecta,challenger,False,s_class_line_break_gate_requires_forward_evidence,fixed_research_gate,15.0,0.4795,0.35623392591,s
2025-09-14,名古屋,,8,,,20250914-42-08,S???????,S?,125-12-1245,125,12,1245,8,,0.154481212922,15.448,,invalid_selection,False,,,0.0,0.0,0.0,line_break_back_chigire_s,trifecta,challenger,False,s_class_line_break_gate_requires_forward_evidence,fixed_research_gate,15.0,0.6185,0.291799287303,s
2025-09-15,川崎,,11,,,20250915-34-11,S???????,S?,135-15-1245,135,15,1245,10,,0.140932813007,14.093,,invalid_selection,False,,,0.0,0.0,0.0,line_break_back_chigire_s,trifecta,challenger,False,s_class_line_break_gate_requires_forward_evidence,fixed_research_gate,10.0,0.3195,0.294979031163,s
2025-09-15,川崎,,12,,,20250915-34-12,S???????,S?,135-35-2357,135,35,2357,10,,0.138481026185,13.848,,invalid_selection,False,,,0.0,0.0,0.0,line_break_back_chigire_s,trifecta,challenger,False,s_class_line_break_gate_requires_forward_evidence,fixed_research_gate,8.0,0.3925,0.29359450515,s
2025-09-15,名古屋,,5,,,20250915-42-05,S???????,S?,123-23-1236,123,23,1236,8,,0.162803563508,16.28,,invalid_selection,False,,,0.0,0.0,0.0,line_break_back_chigire_s,trifecta,challenger,False,s_class_line_break_gate_requires_forward_evidence,fixed_research_gate,8.0,0.6022,0.319516555962,s
2025-09-16,立川,,9,,,20250916-28-09,S???????,S?,134-14-1457,134,14,1457,10,,0.138335225279,13.834,,invalid_selection,False,,,0.0,0.0,0.0,line_break_back_chigire_s,trifecta,challenger,False,s_class_line_break_gate_requires_forward_evidence,fixed_research_gate,19.0,0.4235,0.260002942211,s
2025-09-16,立川,,10,,,20250916-28-10,S???????,S?,135-15-1457,135,15,1457,10,,0.144188963071,14.419,,invalid_selection,False,,,0.0,0.0,0.0,line_break_back_chigire_s,trifecta,challenger,False,s_class_line_break_gate_requires_forward_evidence,fixed_research_gate,15.0,0.316,0.285244535063,s
2025-09-17,玉野,,10,,,20250917-61-10,S???????,S?,257-27-2347,257,27,2347,10,,0.153494777327,15.349,,invalid_selection,False,,,0.0,0.0,0.0,line_break_back_chigire_s,trifecta,challenger,False,s_class_line_break_gate_requires_forward_evidence,fixed_research_gate,19.0,0.5088,0.308856432008,s
2025-09-20,富山,,6,,,20250920-46-06,S???????,S?,145-14-1457,145,14,1457,8,,0.141401289336,14.14,,invalid_selection,False,,,0.0,0.0,0.0,line_break_back_chigire_s,trifecta,challenger,False,s_class_line_break_gate_requires_forward_evidence,fixed_research_gate,18.0,0.559,0.257378445163,s
2025-09-20,富山,,8,,,20250920-46-08,S???????,S?,124-24-2347,124,24,2347,10,,0.14677765471,14.678,,invalid_selection,False,,,0.0,0.0,0.0,line_break_back_chigire_s,trifecta,challenger,False,s_class_line_break_gate_requires_forward_evidence,fixed_research_gate,17.0,0.4305,0.309939993261,s
2025-09-20,富山,,9,,,20250920-46-09,S???????,S?,237-37-1357,237,37,1357,10,,0.174050870131,17.405,,invalid_selection,False,,,0.0,0.0,0.0,line_break_back_chigire_s,trifecta,challenger,False,s_class_line_break_gate_requires_forward_evidence,fixed_research_gate,10.0,0.507,0.261986451006,s
2025-09-20,富山,,11,,,20250920-46-11,S???????,S?,257-27-1237,257,27,1237,10,,0.157353111182,15.735,,invalid_selection,False,,,0.0,0.0,0.0,line_break_back_chigire_s,trifecta,challenger,False,s_class_line_break_gate_requires_forward_evidence,fixed_research_gate,21.0,0.601,0.298381886308,s
2025-09-23,佐世保,,5,,,20250923-85-05,S???????,S?,234-34-3457,234,34,3457,10,,0.149804559968,14.98,,invalid_selection,False,,,0.0,0.0,0.0,line_break_back_chigire_s,trifecta,challenger,False,s_class_line_break_gate_requires_forward_evidence,fixed_research_gate,15.0,0.2863,0.297657555673,s
2025-09-24,立川,,8,,,20250924-28-08,S???????,S?,147-47-3457,147,47,3457,10,,0.143697254988,14.37,,invalid_selection,False,,,0.0,0.0,0.0,line_break_back_chigire_s,trifecta,challenger,False,s_class_line_break_gate_requires_forward_evidence,fixed_research_gate,13.0,0.4445,0.293912476071,s
2025-09-25,小倉,,12,,,20250925-81-12,S???????,S?,124-14-1234,124,14,1234,8,,0.138088084881,13.809,,invalid_selection,False,,,0.0,0.0,0.0,line_break_back_chigire_s,trifecta,challenger,False,s_class_line_break_gate_requires_forward_evidence,fixed_research_gate,14.0,0.5105,0.310580295156,s
2025-09-27,奈良,,1,,,20250927-53-01,S???????,S?,125-15-1245,125,15,1245,8,,0.250784238807,25.078,,invalid_selection,False,,,0.0,0.0,0.0,line_break_back_chigire_s,trifecta,challenger,False,s_class_line_break_gate_requires_forward_evidence,fixed_research_gate,14.0,0.4253,0.29271457109,s
2025-09-27,奈良,,3,,,20250927-53-03,S???????,S?,256-56-3456,256,56,3456,10,,0.173422513806,17.342,,invalid_selection,False,,,0.0,0.0,0.0,line_break_back_chigire_s,trifecta,challenger,False,s_class_line_break_gate_requires_forward_evidence,fixed_research_gate,16.0,0.4878,0.337809622849,s
2025-09-28,松阪,,10,,,20250928-47-10,S???????,S?,125-15-1457,125,15,1457,10,,0.150765639133,15.077,,invalid_selection,False,,,0.0,0.0,0.0,line_break_back_chigire_s,trifecta,challenger,False,s_class_line_break_gate_requires_forward_evidence,fixed_research_gate,19.0,0.4012,0.298135996081,s
2025-09-28,奈良,,1,,,20250928-53-01,S???????,S?,124-12-1245,124,12,1245,8,,0.214626267367,21.463,,invalid_selection,False,,,0.0,0.0,0.0,line_break_back_chigire_s,trifecta,challenger,False,s_class_line_break_gate_requires_forward_evidence,fixed_research_gate,9.0,0.5175,0.299361847831,s
2025-09-28,奈良,,2,,,20250928-53-02,S???????,S?,235-25-1235,235,25,1235,8,,0.244837456786,24.484,,invalid_selection,False,,,0.0,0.0,0.0,line_break_back_chigire_s,trifecta,challenger,False,s_class_line_break_gate_requires_forward_evidence,fixed_research_gate,16.0,0.4882,0.313961587925,s
2025-09-28,熊本,,8,,,20250928-87-08,S???????,S?,145-45-1457,145,45,1457,8,,0.142343768527,14.234,,invalid_selection,False,,,0.0,0.0,0.0,line_break_back_chigire_s,trifecta,challenger,False,s_class_line_break_gate_requires_forward_evidence,fixed_research_gate,9.0,0.3453,0.251367591844,s
2025-09-29,函館,,9,,,20250929-11-09,S???????,S?,357-57-1457,357,57,1457,10,,0.167485458515,16.749,,invalid_selection,False,,,0.0,0.0,0.0,line_break_back_chigire_s,trifecta,challenger,False,s_class_line_break_gate_requires_forward_evidence,fixed_research_gate,13.0,0.4462,0.283076820865,s
2025-09-29,大宮,,9,,,20250929-25-09,S???????,S?,347-34-3457,347,34,3457,8,,0.139913521359,13.991,,invalid_selection,False,,,0.0,0.0,0.0,line_break_back_chigire_s,trifecta,challenger,False,s_class_line_break_gate_requires_forward_evidence,fixed_research_gate,17.0,0.4637,0.319227581494,s
2025-09-29,熊本,,6,,,20250929-87-06,S???????,S?,245-24-1234,245,24,1234,10,,0.172778109867,17.278,,invalid_selection,False,,,0.0,0.0,0.0,line_break_back_chigire_s,trifecta,challenger,False,s_class_line_break_gate_requires_forward_evidence,fixed_research_gate,9.0,0.5503,0.283597203506,s
2025-09-29,熊本,,11,,,20250929-87-11,S???????,S?,124-24-2457,124,24,2457,10,,0.139873438098,13.987,,invalid_selection,False,,,0.0,0.0,0.0,line_break_back_chigire_s,trifecta,challenger,False,s_class_line_break_gate_requires_forward_evidence,fixed_research_gate,15.0,0.3435,0.338755109987,s
2025-10-02,武雄,,11,,,20251002-84-11,S???????,S?,125-15-1457,125,15,1457,10,,0.140784167199,14.078,,invalid_selection,False,,,0.0,0.0,0.0,line_break_back_chigire_s,trifecta,challenger,False,s_class_line_break_gate_requires_forward_evidence,fixed_research_gate,8.0,0.5,0.265402495603,s
2025-10-03,武雄,,10,,,20251003-84-10,S???????,S?,345-45-2457,345,45,2457,10,,0.138935111422,13.894,,invalid_selection,False,,,0.0,0.0,0.0,line_break_back_chigire_s,trifecta,challenger,False,s_class_line_break_gate_requires_forward_evidence,fixed_research_gate,12.0,0.2658,0.262300205987,s
2025-10-05,京王閣,,1,,,20251005-27-01,S???????,S?,245-24-1234,245,24,1234,10,,0.141062167908,14.106,,invalid_selection,False,,,0.0,0.0,0.0,line_break_back_chigire_s,trifecta,challenger,False,s_class_line_break_gate_requires_forward_evidence,fixed_research_gate,13.0,0.5315,0.267704037545,s
2025-10-05,川崎,,5,,,20251005-34-05,S???????,S?,245-24-1245,245,24,1245,8,,0.179850334549,17.985,,invalid_selection,False,,,0.0,0.0,0.0,line_break_back_chigire_s,trifecta,challenger,False,s_class_line_break_gate_requires_forward_evidence,fixed_research_gate,9.0,0.566,0.314452523252,s
2025-10-05,川崎,,7,,,20251005-34-07,S???????,S?,237-27-2457,237,27,2457,10,,0.140397541124,14.04,,invalid_selection,False,,,0.0,0.0,0.0,line_break_back_chigire_s,trifecta,challenger,False,s_class_line_break_gate_requires_forward_evidence,fixed_research_gate,9.0,0.33,0.305005083844,s
2025-10-06,佐世保,,8,,,20251006-85-08,S???????,S?,125-25-2457,125,25,2457,10,,0.140195459472,14.02,,invalid_selection,False,,,0.0,0.0,0.0,line_break_back_chigire_s,trifecta,challenger,False,s_class_line_break_gate_requires_forward_evidence,fixed_research_gate,13.0,0.476,0.313234970045,s
2025-10-07,弥彦,,12,,,20251007-21-12,S???????,S?,147-17-1257,147,17,1257,10,,0.148495418332,14.85,,invalid_selection,False,,,0.0,0.0,0.0,line_break_back_chigire_s,trifecta,challenger,False,s_class_line_break_gate_requires_forward_evidence,fixed_research_gate,12.0,0.3107,0.289231603361,s
2025-10-07,富山,,11,,,20251007-46-11,S???????,S?,137-37-2357,137,37,2357,10,,0.155681073241,15.568,,invalid_selection,False,,,0.0,0.0,0.0,line_break_back_chigire_s,trifecta,challenger,False,s_class_line_break_gate_requires_forward_evidence,fixed_research_gate,9.0,0.33,0.297347903419,s
2025-10-08,富山,,7,,,20251008-46-07,S???????,S?,134-13-1356,134,13,1356,10,,0.186328058257,18.633,,invalid_selection,False,,,0.0,0.0,0.0,line_break_back_chigire_s,trifecta,challenger,False,s_class_line_break_gate_requires_forward_evidence,fixed_research_gate,13.0,0.5887,0.258998177808,s
2025-10-09,青森,,6,,,20251009-12-06,S???????,S?,137-37-3457,137,37,3457,10,,0.159322386685,15.932,,invalid_selection,False,,,0.0,0.0,0.0,line_break_back_chigire_s,trifecta,challenger,False,s_class_line_break_gate_requires_forward_evidence,fixed_research_gate,15.0,0.497,0.2951138276,s
2025-10-09,富山,,6,,,20251009-46-06,S???????,S?,125-15-1456,125,15,1456,10,,0.175442725822,17.544,,invalid_selection,False,,,0.0,0.0,0.0,line_break_back_chigire_s,trifecta,challenger,False,s_class_line_break_gate_requires_forward_evidence,fixed_research_gate,8.0,0.5,0.326763959839,s
2025-10-10,大宮,,11,,,20251010-25-11,S???????,S?,124-14-1457,124,14,1457,10,,0.172004117799,17.2,,invalid_selection,False,,,0.0,0.0,0.0,line_break_back_chigire_s,trifecta,challenger,False,s_class_line_break_gate_requires_forward_evidence,fixed_research_gate,19.0,0.3785,0.274411901864,s
2025-10-14,宇都宮,,6,,,20251014-24-06,S???????,S?,347-34-1345,347,34,1345,10,,0.165402021686,16.54,,invalid_selection,False,,,0.0,0.0,0.0,line_break_back_chigire_s,trifecta,challenger,False,s_class_line_break_gate_requires_forward_evidence,fixed_research_gate,15.0,0.382,0.319488311081,s
2025-10-14,宇都宮,,10,,,20251014-24-10,S???????,S?,345-35-2357,345,35,2357,10,,0.175102205159,17.51,,invalid_selection,False,,,0.0,0.0,0.0,line_break_back_chigire_s,trifecta,challenger,False,s_class_line_break_gate_requires_forward_evidence,fixed_research_gate,15.0,0.4148,0.375968011751,s
2025-10-15,宇都宮,,6,,,20251015-24-06,S???????,S?,124-12-1235,124,12,1235,10,,0.261729249726,26.173,,invalid_selection,False,,,0.0,0.0,0.0,line_break_back_chigire_s,trifecta,challenger,False,s_class_line_break_gate_requires_forward_evidence,fixed_research_gate,9.0,0.4755,0.322503200746,s
2025-10-15,小倉,,10,,,20251015-81-10,S???????,S?,124-12-1257,124,12,1257,10,,0.138338699108,13.834,,invalid_selection,False,,,0.0,0.0,0.0,line_break_back_chigire_s,trifecta,challenger,False,s_class_line_break_gate_requires_forward_evidence,fixed_research_gate,9.0,0.5075,0.259030574393,s
2025-10-16,宇都宮,,6,,,20251016-24-06,S???????,S?,235-25-1245,235,25,1245,10,,0.144687786212,14.469,,invalid_selection,False,,,0.0,0.0,0.0,line_break_back_chigire_s,trifecta,challenger,False,s_class_line_break_gate_requires_forward_evidence,fixed_research_gate,8.0,0.646,0.255883843575,s
2025-10-17,豊橋,,12,,,20251017-45-12,S???????,S?,159-19-1379,159,19,1379,10,,0.139567587359,13.957,,invalid_selection,False,,,0.0,0.0,0.0,line_break_back_chigire_s,trifecta,challenger,False,s_class_line_break_gate_requires_forward_evidence,fixed_research_gate,13.0,0.323,0.391058215544,s
2025-10-20,弥彦,,11,,,20251020-21-11,S???????,S?,147-17-1247,147,17,1247,8,,0.153801222397,15.38,,invalid_selection,False,,,0.0,0.0,0.0,line_break_back_chigire_s,trifecta,challenger,False,s_class_line_break_gate_requires_forward_evidence,fixed_research_gate,15.0,0.4773,0.375078772704,s
2025-10-22,小松島,,7,,,20251022-73-07,S???????,S?,235-27-2357,235,27,2357,10,,0.161585739986,16.159,,invalid_selection,False,,,0.0,0.0,0.0,line_break_back_chigire_s,trifecta,challenger,False,s_class_line_break_gate_requires_forward_evidence,fixed_research_gate,18.0,0.4948,0.294300509283,s
2025-10-25,岸和田,,6,,,20251025-56-06,S???????,S?,245-25-2357,245,25,2357,10,,0.143401618492,14.34,,invalid_selection,False,,,0.0,0.0,0.0,line_break_back_chigire_s,trifecta,challenger,False,s_class_line_break_gate_requires_forward_evidence,fixed_research_gate,10.0,0.5415,0.281956267356,s
2025-10-26,岸和田,,5,,,20251026-56-05,S???????,S?,125-25-2357,125,25,2357,10,,0.140835586338,14.084,,invalid_selection,False,,,0.0,0.0,0.0,line_break_back_chigire_s,trifecta,challenger,False,s_class_line_break_gate_requires_forward_evidence,fixed_research_gate,13.0,0.5192,0.301209481474,s
2025-10-26,玉野,,8,,,20251026-61-08,S???????,S?,357-57-1257,357,57,1257,10,,0.185168099122,18.517,,invalid_selection,False,,,0.0,0.0,0.0,line_break_back_chigire_s,trifecta,challenger,False,s_class_line_break_gate_requires_forward_evidence,fixed_research_gate,13.0,0.4113,0.271247745644,s
2025-10-26,玉野,,10,,,20251026-61-10,S???????,S?,123-12-1237,123,12,1237,8,,0.146634708114,14.663,,invalid_selection,False,,,0.0,0.0,0.0,line_break_back_chigire_s,trifecta,challenger,False,s_class_line_break_gate_requires_forward_evidence,fixed_research_gate,10.0,0.3645,0.307990427017,s
2025-10-27,青森,,10,,,20251027-12-10,S???????,S?,137-37-1347,137,37,1347,8,,0.158001236681,15.8,,invalid_selection,False,,,0.0,0.0,0.0,line_break_back_chigire_s,trifecta,challenger,False,s_class_line_break_gate_requires_forward_evidence,fixed_research_gate,12.0,0.4532,0.343124965428,s
2025-10-27,玉野,,7,,,20251027-61-07,S???????,S?,345-35-2345,345,35,2345,8,,0.145273567296,14.527,,invalid_selection,False,,,0.0,0.0,0.0,line_break_back_chigire_s,trifecta,challenger,False,s_class_line_break_gate_requires_forward_evidence,fixed_research_gate,18.0,0.5368,0.269226655071,s
2025-10-28,青森,,12,,,20251028-12-12,S???????,S?,135-15-1345,135,15,1345,8,,0.14681613293,14.682,,invalid_selection,False,,,0.0,0.0,0.0,line_break_back_chigire_s,trifecta,challenger,False,s_class_line_break_gate_requires_forward_evidence,fixed_research_gate,17.0,0.5368,0.330549210504,s
2025-10-28,豊橋,,8,,,20251028-45-08,S???????,S?,135-13-1347,135,13,1347,10,,0.170332031451,17.033,,invalid_selection,False,,,0.0,0.0,0.0,line_break_back_chigire_s,trifecta,challenger,False,s_class_line_break_gate_requires_forward_evidence,fixed_research_gate,18.0,0.3698,0.269673093647,s
2025-10-28,玉野,,8,,,20251028-61-08,S???????,S?,127-12-1245,127,12,1245,10,,0.155303811019,15.53,,invalid_selection,False,,,0.0,0.0,0.0,line_break_back_chigire_s,trifecta,challenger,False,s_class_line_break_gate_requires_forward_evidence,fixed_research_gate,9.0,0.375,0.324615210131,s
2025-10-28,玉野,,9,,,20251028-61-09,S???????,S?,125-25-2357,125,25,2357,10,,0.145822719188,14.582,,invalid_selection,False,,,0.0,0.0,0.0,line_break_back_chigire_s,trifecta,challenger,False,s_class_line_break_gate_requires_forward_evidence,fixed_research_gate,10.0,0.3645,0.327453387248,s
2025-10-29,豊橋,,7,,,20251029-45-07,S???????,S?,134-15-1345,134,15,1345,10,,0.169847591864,16.985,,invalid_selection,False,,,0.0,0.0,0.0,line_break_back_chigire_s,trifecta,challenger,False,s_class_line_break_gate_requires_forward_evidence,fixed_research_gate,13.0,0.4323,0.286784213542,s
2025-10-29,豊橋,,12,,,20251029-45-12,S???????,S?,245-45-2345,245,45,2345,8,,0.144209338037,14.421,,invalid_selection,False,,,0.0,0.0,0.0,line_break_back_chigire_s,trifecta,challenger,False,s_class_line_break_gate_requires_forward_evidence,fixed_research_gate,13.0,0.3107,0.275243055924,s
2025-10-29,佐世保,,11,,,20251029-85-11,S???????,S?,157-17-1257,157,17,1257,8,,0.168289246832,16.829,,invalid_selection,False,,,0.0,0.0,0.0,line_break_back_chigire_s,trifecta,challenger,False,s_class_line_break_gate_requires_forward_evidence,fixed_research_gate,17.0,0.361,0.342930587221,s
2025-10-30,高知,,9,,,20251030-74-09,S???????,S?,357-37-1237,357,37,1237,10,,0.150752253918,15.075,,invalid_selection,False,,,0.0,0.0,0.0,line_break_back_chigire_s,trifecta,challenger,False,s_class_line_break_gate_requires_forward_evidence,fixed_research_gate,18.0,0.3125,0.265841811451,s
2025-10-30,佐世保,,8,,,20251030-85-08,S???????,S?,245-25-2345,245,25,2345,8,,0.154728239958,15.473,,invalid_selection,False,,,0.0,0.0,0.0,line_break_back_chigire_s,trifecta,challenger,False,s_class_line_break_gate_requires_forward_evidence,fixed_research_gate,16.0,0.4948,0.251114731063,s
2025-10-30,佐世保,,9,,,20251030-85-09,S???????,S?,124-12-1234,124,12,1234,8,,0.158594229209,15.859,,invalid_selection,False,,,0.0,0.0,0.0,line_break_back_chigire_s,trifecta,challenger,False,s_class_line_break_gate_requires_forward_evidence,fixed_research_gate,11.0,0.4708,0.273461586223,s
2025-10-31,佐世保,,6,,,20251031-85-06,S???????,S?,145-15-1345,145,15,1345,8,,0.170404327793,17.04,,invalid_selection,False,,,0.0,0.0,0.0,line_break_back_chigire_s,trifecta,challenger,False,s_class_line_break_gate_requires_forward_evidence,fixed_research_gate,11.0,0.4637,0.332844166594,s
2025-12-02,松戸,,11,,,20251202-31-11,S???????,S?,157-57-3457,157,57,3457,10,,0.149719978685,14.972,,invalid_selection,False,,,0.0,0.0,0.0,line_break_back_chigire_s,trifecta,challenger,False,s_class_line_break_gate_requires_forward_evidence,fixed_research_gate,13.0,0.3663,0.33111517207,s
2025-12-02,名古屋,,10,,,20251202-42-10,S???????,S?,245-24-1247,245,24,1247,10,,0.155020325287,15.502,,invalid_selection,False,,,0.0,0.0,0.0,line_break_back_chigire_s,trifecta,challenger,False,s_class_line_break_gate_requires_forward_evidence,fixed_research_gate,12.0,0.4615,0.32402806058,s
2025-12-04,取手,,7,,,20251204-23-07,S???????,S?,137-17-1247,137,17,1247,10,,0.147923541739,14.792,,invalid_selection,False,,,0.0,0.0,0.0,line_break_back_chigire_s,trifecta,challenger,False,s_class_line_break_gate_requires_forward_evidence,fixed_research_gate,8.0,0.375,0.269700214869,s
2025-12-05,取手,,8,,,20251205-23-08,S???????,S?,123-23-2357,123,23,2357,10,,0.153975792065,15.398,,invalid_selection,False,,,0.0,0.0,0.0,line_break_back_chigire_s,trifecta,challenger,False,s_class_line_break_gate_requires_forward_evidence,fixed_research_gate,16.0,0.4118,0.270635730977,s
2025-12-07,松阪,,6,,,20251207-47-06,S???????,S?,245-25-1256,245,25,1256,10,,0.195037864575,19.504,,invalid_selection,False,,,0.0,0.0,0.0,line_break_back_chigire_s,trifecta,challenger,False,s_class_line_break_gate_requires_forward_evidence,fixed_research_gate,11.0,0.4895,0.286090814097,s
2025-12-07,広島,,8,,,20251207-62-08,S???????,S?,125-15-1257,125,15,1257,8,,0.152340213191,15.234,,invalid_selection,False,,,0.0,0.0,0.0,line_break_back_chigire_s,trifecta,challenger,False,s_class_line_break_gate_requires_forward_evidence,fixed_research_gate,11.0,0.316,0.312722104614,s
2025-12-07,広島,,9,,,20251207-62-09,S???????,S?,145-12-1245,145,12,1245,10,,0.164385051773,16.439,,invalid_selection,False,,,0.0,0.0,0.0,line_break_back_chigire_s,trifecta,challenger,False,s_class_line_break_gate_requires_forward_evidence,fixed_research_gate,14.0,0.3628,0.267267056925,s
2025-12-08,前橋,,9,,,20251208-22-09,S???????,S?,245-24-2347,245,24,2347,10,,0.147247306242,14.725,,invalid_selection,False,,,0.0,0.0,0.0,line_break_back_chigire_s,trifecta,challenger,False,s_class_line_break_gate_requires_forward_evidence,fixed_research_gate,12.0,0.33,0.271357851133,s
2025-12-09,広島,,7,,,20251209-62-07,S???????,S?,135-13-1347,135,13,1347,10,,0.159660478225,15.966,,invalid_selection,False,,,0.0,0.0,0.0,line_break_back_chigire_s,trifecta,challenger,False,s_class_line_break_gate_requires_forward_evidence,fixed_research_gate,9.0,0.5175,0.315124743033,s
2025-12-10,武雄,,8,,,20251210-84-08,S???????,S?,127-12-1245,127,12,1245,10,,0.14131684718,14.132,,invalid_selection,False,,,0.0,0.0,0.0,line_break_back_chigire_s,trifecta,challenger,False,s_class_line_break_gate_requires_forward_evidence,fixed_research_gate,8.0,0.4895,0.307119186438,s
2025-12-13,奈良,,5,,,20251213-53-05,S???????,S?,256-56-1356,256,56,1356,10,,0.163666217575,16.367,,invalid_selection,False,,,0.0,0.0,0.0,line_break_back_chigire_s,trifecta,challenger,False,s_class_line_break_gate_requires_forward_evidence,fixed_research_gate,15.0,0.5035,0.267189396314,s
2025-12-14,四日市,,7,,,20251214-48-07,S???????,S?,145-45-3457,145,45,3457,10,,0.169227279225,16.923,,invalid_selection,False,,,0.0,0.0,0.0,line_break_back_chigire_s,trifecta,challenger,False,s_class_line_break_gate_requires_forward_evidence,fixed_research_gate,10.0,0.4637,0.277337329641,s
2025-12-15,防府,,10,,,20251215-63-10,S???????,S?,145-14-1247,145,14,1247,10,,0.161085563245,16.109,,invalid_selection,False,,,0.0,0.0,0.0,line_break_back_chigire_s,trifecta,challenger,False,s_class_line_break_gate_requires_forward_evidence,fixed_research_gate,17.0,0.4685,0.283217288446,s
2025-12-16,別府,,7,,,20251216-86-07,S???????,S?,457-47-1347,457,47,1347,10,,0.142584840669,14.258,,invalid_selection,False,,,0.0,0.0,0.0,line_break_back_chigire_s,trifecta,challenger,False,s_class_line_break_gate_requires_forward_evidence,fixed_research_gate,12.0,0.4532,0.296103443063,s
2025-12-17,大宮,,8,,,20251217-25-08,S???????,S?,124-14-1247,124,14,1247,8,,0.151667827621,15.167,,invalid_selection,False,,,0.0,0.0,0.0,line_break_back_chigire_s,trifecta,challenger,False,s_class_line_break_gate_requires_forward_evidence,fixed_research_gate,13.0,0.5298,0.282187822303,s
2025-12-17,大宮,,10,,,20251217-25-10,S???????,S?,145-15-1357,145,15,1357,10,,0.161657094207,16.166,,invalid_selection,False,,,0.0,0.0,0.0,line_break_back_chigire_s,trifecta,challenger,False,s_class_line_break_gate_requires_forward_evidence,fixed_research_gate,10.0,0.2483,0.264199428573,s
2025-12-17,別府,,6,,,20251217-86-06,S???????,S?,235-23-1234,235,23,1234,10,,0.165044957714,16.504,,invalid_selection,False,,,0.0,0.0,0.0,line_break_back_chigire_s,trifecta,challenger,False,s_class_line_break_gate_requires_forward_evidence,fixed_research_gate,16.0,0.5298,0.296099442349,s
2025-12-18,伊東,,12,,,20251218-37-12,S???????,S?,134-14-1457,134,14,1457,10,,0.141566748113,14.157,,invalid_selection,False,,,0.0,0.0,0.0,line_break_back_chigire_s,trifecta,challenger,False,s_class_line_break_gate_requires_forward_evidence,fixed_research_gate,10.0,0.2985,0.269869309392,s
2025-12-19,大宮,,7,,,20251219-25-07,S???????,S?,125-15-1256,125,15,1256,8,,0.148355207207,14.836,,invalid_selection,False,,,0.0,0.0,0.0,line_break_back_chigire_s,trifecta,challenger,False,s_class_line_break_gate_requires_forward_evidence,fixed_research_gate,13.0,0.5275,0.373064370936,s
2025-12-19,伊東,,6,,,20251219-37-06,S???????,S?,235-25-1245,235,25,1245,10,,0.149143110249,14.914,,invalid_selection,False,,,0.0,0.0,0.0,line_break_back_chigire_s,trifecta,challenger,False,s_class_line_break_gate_requires_forward_evidence,fixed_research_gate,17.0,0.514,0.300007872261,s
2025-12-19,伊東,,10,,,20251219-37-10,S???????,S?,145-45-1245,145,45,1245,8,,0.138096198664,13.81,,invalid_selection,False,,,0.0,0.0,0.0,line_break_back_chigire_s,trifecta,challenger,False,s_class_line_break_gate_requires_forward_evidence,fixed_research_gate,15.0,0.5158,0.375108854185,s
2025-12-20,静岡,,6,,,20251220-38-06,S???????,S?,125-25-1235,125,25,1235,8,,0.138875610461,13.888,,invalid_selection,False,,,0.0,0.0,0.0,line_break_back_chigire_s,trifecta,challenger,False,s_class_line_break_gate_requires_forward_evidence,fixed_research_gate,8.0,0.3995,0.272484897438,s
2025-12-22,静岡,,9,,,20251222-38-09,S???????,S?,345-25-2345,345,25,2345,10,,0.141663864182,14.166,,invalid_selection,False,,,0.0,0.0,0.0,line_break_back_chigire_s,trifecta,challenger,False,s_class_line_break_gate_requires_forward_evidence,fixed_research_gate,10.0,0.3733,0.275087417205,s
2025-12-23,四日市,,6,,,20251223-48-06,S???????,S?,145-15-1235,145,15,1235,10,,0.23506673951,23.507,,invalid_selection,False,,,0.0,0.0,0.0,line_break_back_chigire_s,trifecta,challenger,False,s_class_line_break_gate_requires_forward_evidence,fixed_research_gate,13.0,0.5695,0.284763335481,s
2025-12-24,小田原,,9,,,20251224-36-09,S???????,S?,157-17-1347,157,17,1347,10,,0.140111524798,14.011,,invalid_selection,False,,,0.0,0.0,0.0,line_break_back_chigire_s,trifecta,challenger,False,s_class_line_break_gate_requires_forward_evidence,fixed_research_gate,19.0,0.5105,0.265870766068,s
2025-12-24,四日市,,5,,,20251224-48-05,S???????,S?,235-25-2345,235,25,2345,8,,0.215320660351,21.532,,invalid_selection,False,,,0.0,0.0,0.0,line_break_back_chigire_s,trifecta,challenger,False,s_class_line_break_gate_requires_forward_evidence,fixed_research_gate,14.0,0.3698,0.277310688642,s
2025-12-24,四日市,,6,,,20251224-48-06,S???????,S?,146-46-2456,146,46,2456,10,,0.182857522003,18.286,,invalid_selection,False,,,0.0,0.0,0.0,line_break_back_chigire_s,trifecta,challenger,False,s_class_line_break_gate_requires_forward_evidence,fixed_research_gate,13.0,0.6355,0.305464500199,s
2025-12-25,小田原,,7,,,20251225-36-07,S???????,S?,157-57-1457,157,57,1457,8,,0.149953371549,14.995,,invalid_selection,False,,,0.0,0.0,0.0,line_break_back_chigire_s,trifecta,challenger,False,s_class_line_break_gate_requires_forward_evidence,fixed_research_gate,9.0,0.3995,0.286746971574,s
2025-12-25,奈良,,11,,,20251225-53-11,S???????,S?,145-15-1235,145,15,1235,10,,0.157184473869,15.718,,invalid_selection,False,,,0.0,0.0,0.0,line_break_back_chigire_s,trifecta,challenger,False,s_class_line_break_gate_requires_forward_evidence,fixed_research_gate,16.0,0.3925,0.360456895332,s
2025-12-27,防府,,7,,,20251227-63-07,S???????,S?,235-25-2357,235,25,2357,8,,0.143507331492,14.351,,invalid_selection,False,,,0.0,0.0,0.0,line_break_back_chigire_s,trifecta,challenger,False,s_class_line_break_gate_requires_forward_evidence,fixed_research_gate,17.0,0.3785,0.298145271642,s
2025-12-30,小倉,,6,,,20251230-81-06,S???????,S?,145-45-2345,145,45,2345,10,,0.161030303828,16.103,,invalid_selection,False,,,0.0,0.0,0.0,line_break_back_chigire_s,trifecta,challenger,False,s_class_line_break_gate_requires_forward_evidence,fixed_research_gate,9.0,0.4913,0.270588080727,s
2025-12-31,小倉,,6,,,20251231-81-06,S???????,S?,235-23-2345,235,23,2345,8,,0.196338611963,19.634,,invalid_selection,False,,,0.0,0.0,0.0,line_break_back_chigire_s,trifecta,challenger,False,s_class_line_break_gate_requires_forward_evidence,fixed_research_gate,9.0,0.5923,0.26340249172,s
2026-02-03,京王閣,,8,,,20260203-27-08,S???????,S?,125-12-1247,125,12,1247,10,,0.141503332017,14.15,,invalid_selection,False,,,0.0,0.0,0.0,line_break_back_chigire_s,trifecta,challenger,False,s_class_line_break_gate_requires_forward_evidence,fixed_research_gate,15.0,0.3785,0.27836488563,s
2026-02-03,京王閣,,9,,,20260203-27-09,S???????,S?,245-24-2347,245,24,2347,10,,0.143532389491,14.353,,invalid_selection,False,,,0.0,0.0,0.0,line_break_back_chigire_s,trifecta,challenger,False,s_class_line_break_gate_requires_forward_evidence,fixed_research_gate,8.0,0.2775,0.279658076334,s
2026-02-03,和歌山,,11,,,20260203-55-11,S???????,S?,127-17-1457,127,17,1457,10,,0.150323798492,15.032,,invalid_selection,False,,,0.0,0.0,0.0,line_break_back_chigire_s,trifecta,challenger,False,s_class_line_break_gate_requires_forward_evidence,fixed_research_gate,10.0,0.4708,0.26001982625,s
2026-02-04,松戸,,10,,,20260204-31-10,S???????,S?,257-25-1235,257,25,1235,10,,0.140111831601,14.011,,invalid_selection,False,,,0.0,0.0,0.0,line_break_back_chigire_s,trifecta,challenger,False,s_class_line_break_gate_requires_forward_evidence,fixed_research_gate,8.0,0.33,0.250599743468,s
2026-02-05,京王閣,,7,,,20260205-27-07,S???????,S?,245-45-2457,245,45,2457,8,,0.161491504116,16.149,,invalid_selection,False,,,0.0,0.0,0.0,line_break_back_chigire_s,trifecta,challenger,False,s_class_line_break_gate_requires_forward_evidence,fixed_research_gate,16.0,0.4515,0.309503464874,s
2026-02-09,立川,,9,,,20260209-28-09,S???????,S?,345-34-2347,345,34,2347,10,,0.139745124927,13.975,,invalid_selection,False,,,0.0,0.0,0.0,line_break_back_chigire_s,trifecta,challenger,False,s_class_line_break_gate_requires_forward_evidence,fixed_research_gate,11.0,0.361,0.266534181074,s
2026-02-09,平塚,,11,,,20260209-35-11,S???????,S?,157-15-1245,157,15,1245,10,,0.150415346147,15.042,,invalid_selection,False,,,0.0,0.0,0.0,line_break_back_chigire_s,trifecta,challenger,False,s_class_line_break_gate_requires_forward_evidence,fixed_research_gate,11.0,0.4913,0.260436227525,s
2026-02-09,小倉,,5,,,20260209-81-05,S???????,S?,123-12-1245,123,12,1245,10,,0.146656982966,14.666,,invalid_selection,False,,,0.0,0.0,0.0,line_break_back_chigire_s,trifecta,challenger,False,s_class_line_break_gate_requires_forward_evidence,fixed_research_gate,9.0,0.5018,0.299399241398,s
2026-02-09,小倉,,12,,,20260209-81-12,S???????,S?,247-47-1347,247,47,1347,10,,0.141504201531,14.15,,invalid_selection,False,,,0.0,0.0,0.0,line_break_back_chigire_s,trifecta,challenger,False,s_class_line_break_gate_requires_forward_evidence,fixed_research_gate,13.0,0.2255,0.299421697319,s
2026-02-11,高知,,11,,,20260211-74-11,S???????,S?,145-14-1234,145,14,1234,10,,0.146163471118,14.616,,invalid_selection,False,,,0.0,0.0,0.0,line_break_back_chigire_s,trifecta,challenger,False,s_class_line_break_gate_requires_forward_evidence,fixed_research_gate,15.0,0.229,0.291695657476,s
2026-02-15,宇都宮,,12,,,20260215-24-12,S???????,S?,124-24-2345,124,24,2345,10,,0.139124595178,13.912,,invalid_selection,False,,,0.0,0.0,0.0,line_break_back_chigire_s,trifecta,challenger,False,s_class_line_break_gate_requires_forward_evidence,fixed_research_gate,11.0,0.34,0.344839653263,s
2026-02-15,静岡,,1,,,20260215-38-01,S???????,S?,135-13-1235,135,13,1235,8,,0.149952050802,14.995,,invalid_selection,False,,,0.0,0.0,0.0,line_break_back_chigire_s,trifecta,challenger,False,s_class_line_break_gate_requires_forward_evidence,fixed_research_gate,9.0,0.4755,0.297732473545,s
2026-02-16,岐阜,,9,,,20260216-43-09,S???????,S?,125-12-1257,125,12,1257,8,,0.155006540423,15.501,,invalid_selection,False,,,0.0,0.0,0.0,line_break_back_chigire_s,trifecta,challenger,False,s_class_line_break_gate_requires_forward_evidence,fixed_research_gate,15.0,0.3715,0.32234309584,s
2026-02-16,小松島,,5,,,20260216-73-05,S???????,S?,134-34-1345,134,34,1345,8,,0.147672531869,14.767,,invalid_selection,False,,,0.0,0.0,0.0,line_break_back_chigire_s,trifecta,challenger,False,s_class_line_break_gate_requires_forward_evidence,fixed_research_gate,9.0,0.538,0.279817023516,s
2026-02-17,久留米,,7,,,20260217-83-07,S???????,S?,157-25-1257,157,25,1257,10,,0.143053796322,14.305,,invalid_selection,False,,,0.0,0.0,0.0,line_break_back_chigire_s,trifecta,challenger,False,s_class_line_break_gate_requires_forward_evidence,fixed_research_gate,20.0,0.4778,0.290605659093,s
2026-02-20,伊東,,9,,,20260220-37-09,S???????,S?,123-13-1347,123,13,1347,10,,0.172375455667,17.238,,invalid_selection,False,,,0.0,0.0,0.0,line_break_back_chigire_s,trifecta,challenger,False,s_class_line_break_gate_requires_forward_evidence,fixed_research_gate,19.0,0.448,0.277545362348,s
2026-02-21,伊東,,9,,,20260221-37-09,S???????,S?,157-17-1347,157,17,1347,10,,0.169534236208,16.953,,invalid_selection,False,,,0.0,0.0,0.0,line_break_back_chigire_s,trifecta,challenger,False,s_class_line_break_gate_requires_forward_evidence,fixed_research_gate,12.0,0.521,0.293272984217,s
2026-02-22,伊東,,6,,,20260222-37-06,S???????,S?,145-15-1245,145,15,1245,8,,0.151453248367,15.145,,invalid_selection,False,,,0.0,0.0,0.0,line_break_back_chigire_s,trifecta,challenger,False,s_class_line_break_gate_requires_forward_evidence,fixed_research_gate,9.0,0.4948,0.250553707683,s
2026-02-24,岸和田,,10,,,20260224-56-10,S???????,S?,247-24-2345,247,24,2345,10,,0.138271858546,13.827,,invalid_selection,False,,,0.0,0.0,0.0,line_break_back_chigire_s,trifecta,challenger,False,s_class_line_break_gate_requires_forward_evidence,fixed_research_gate,13.0,0.5677,0.292486031534,s
2026-02-25,前橋,,8,,,20260225-22-08,S???????,S?,135-35-1357,135,35,1357,8,,0.166441238947,16.644,,invalid_selection,False,,,0.0,0.0,0.0,line_break_back_chigire_s,trifecta,challenger,False,s_class_line_break_gate_requires_forward_evidence,fixed_research_gate,17.0,0.309,0.306819779053,s
2026-02-25,豊橋,,12,,,20260225-45-12,S???????,S?,247-24-2345,247,24,2345,10,,0.139270977791,13.927,,invalid_selection,False,,,0.0,0.0,0.0,line_break_back_chigire_s,trifecta,challenger,False,s_class_line_break_gate_requires_forward_evidence,fixed_research_gate,17.0,0.2203,0.302961303596,s
2026-02-26,小田原,,6,,,20260226-36-06,S???????,S?,135-15-1245,135,15,1245,10,,0.163459317409,16.346,,invalid_selection,False,,,0.0,0.0,0.0,line_break_back_chigire_s,trifecta,challenger,False,s_class_line_break_gate_requires_forward_evidence,fixed_research_gate,11.0,0.5105,0.26085291823,s
2026-02-26,岸和田,,8,,,20260226-56-08,S???????,S?,135-35-2357,135,35,2357,10,,0.16142843111,16.143,,invalid_selection,False,,,0.0,0.0,0.0,line_break_back_chigire_s,trifecta,challenger,False,s_class_line_break_gate_requires_forward_evidence,fixed_research_gate,15.0,0.5455,0.276922670628,s
2026-02-27,小田原,,5,,,20260227-36-05,S???????,S?,124-24-2345,124,24,2345,10,,0.164470742124,16.447,,invalid_selection,False,,,0.0,0.0,0.0,line_break_back_chigire_s,trifecta,challenger,False,s_class_line_break_gate_requires_forward_evidence,fixed_research_gate,11.0,0.587,0.267898520378,s
2026-02-27,小田原,,6,,,20260227-36-06,S???????,S?,234-24-1245,234,24,1245,10,,0.145412320839,14.541,,invalid_selection,False,,,0.0,0.0,0.0,line_break_back_chigire_s,trifecta,challenger,False,s_class_line_break_gate_requires_forward_evidence,fixed_research_gate,9.0,0.4253,0.258016501007,s
2026-02-27,小田原,,7,,,20260227-36-07,S???????,S?,134-34-1345,134,34,1345,8,,0.156877104181,15.688,,invalid_selection,False,,,0.0,0.0,0.0,line_break_back_chigire_s,trifecta,challenger,False,s_class_line_break_gate_requires_forward_evidence,fixed_research_gate,10.0,0.4287,0.287266375816,s
2026-02-27,松山,,7,,,20260227-75-07,S???????,S?,345-45-2345,345,45,2345,8,,0.142302805543,14.23,,invalid_selection,False,,,0.0,0.0,0.0,line_break_back_chigire_s,trifecta,challenger,False,s_class_line_break_gate_requires_forward_evidence,fixed_research_gate,15.0,0.4183,0.300146007513,s
2026-03-01,松山,,10,,,20260301-75-10,S???????,S?,124-24-1234,124,24,1234,8,,0.150994442776,15.099,,invalid_selection,False,,,0.0,0.0,0.0,line_break_back_chigire_s,trifecta,challenger,False,s_class_line_break_gate_requires_forward_evidence,fixed_research_gate,16.0,0.3663,0.262486571061,s
2026-03-02,久留米,,11,,,20260302-83-11,S???????,S?,135-15-1245,135,15,1245,10,,0.14031178418,14.031,,invalid_selection,False,,,0.0,0.0,0.0,line_break_back_chigire_s,trifecta,challenger,False,s_class_line_break_gate_requires_forward_evidence,fixed_research_gate,14.0,0.441,0.383721024723,s
2026-03-03,久留米,,12,,,20260303-83-12,S???????,S?,127-17-1357,127,17,1357,10,,0.165852522033,16.585,,invalid_selection,False,,,0.0,0.0,0.0,line_break_back_chigire_s,trifecta,challenger,False,s_class_line_break_gate_requires_forward_evidence,fixed_research_gate,14.0,0.3872,0.28733688175,s
2026-03-05,西武園,,8,,,20260305-26-08,S???????,S?,347-47-2457,347,47,2457,10,,0.145907996952,14.591,,invalid_selection,False,,,0.0,0.0,0.0,line_break_back_chigire_s,trifecta,challenger,False,s_class_line_break_gate_requires_forward_evidence,fixed_research_gate,8.0,0.514,0.313162650428,s
2026-03-07,小倉,,10,,,20260307-81-10,S???????,S?,134-14-1345,134,14,1345,8,,0.151376988306,15.138,,invalid_selection,False,,,0.0,0.0,0.0,line_break_back_chigire_s,trifecta,challenger,False,s_class_line_break_gate_requires_forward_evidence,fixed_research_gate,11.0,0.3995,0.282677587858,s
2026-03-09,いわき平,,9,,,20260309-13-09,S???????,S?,234-34-2345,234,34,2345,8,,0.155385375453,15.539,,invalid_selection,False,,,0.0,0.0,0.0,line_break_back_chigire_s,trifecta,challenger,False,s_class_line_break_gate_requires_forward_evidence,fixed_research_gate,18.0,0.4725,0.303377113478,s
2026-03-09,いわき平,,11,,,20260309-13-11,S???????,S?,145-14-1457,145,14,1457,8,,0.161729320725,16.173,,invalid_selection,False,,,0.0,0.0,0.0,line_break_back_chigire_s,trifecta,challenger,False,s_class_line_break_gate_requires_forward_evidence,fixed_research_gate,13.0,0.361,0.28431201425,s
2026-03-10,小松島,,9,,,20260310-73-09,S???????,S?,237-37-3457,237,37,3457,10,,0.16441263845,16.441,,invalid_selection,False,,,0.0,0.0,0.0,line_break_back_chigire_s,trifecta,challenger,False,s_class_line_break_gate_requires_forward_evidence,fixed_research_gate,13.0,0.2968,0.270857253248,s
2026-03-11,小松島,,8,,,20260311-73-08,S???????,S?,345-35-1235,345,35,1235,10,,0.168451120907,16.845,,invalid_selection,False,,,0.0,0.0,0.0,line_break_back_chigire_s,trifecta,challenger,False,s_class_line_break_gate_requires_forward_evidence,fixed_research_gate,19.0,0.5368,0.322841165533,s
2026-03-14,岐阜,,10,,,20260314-43-10,S???????,S?,157-17-1247,157,17,1247,10,,0.142097933852,14.21,,invalid_selection,False,,,0.0,0.0,0.0,line_break_back_chigire_s,trifecta,challenger,False,s_class_line_break_gate_requires_forward_evidence,fixed_research_gate,10.0,0.5035,0.29051060528,s
2026-03-16,小田原,,6,,,20260316-36-06,S???????,S?,125-12-1234,125,12,1234,10,,0.14189219102,14.189,,invalid_selection,False,,,0.0,0.0,0.0,line_break_back_chigire_s,trifecta,challenger,False,s_class_line_break_gate_requires_forward_evidence,fixed_research_gate,14.0,0.4042,0.294484009504,s
2026-03-16,玉野,,10,,,20260316-61-10,S???????,S?,134-14-1347,134,14,1347,8,,0.153631703152,15.363,,invalid_selection,False,,,0.0,0.0,0.0,line_break_back_chigire_s,trifecta,challenger,False,s_class_line_break_gate_requires_forward_evidence,fixed_research_gate,18.0,0.4183,0.299570673557,s
2026-03-16,玉野,,11,,,20260316-61-11,S???????,S?,125-15-1345,125,15,1345,10,,0.142434447068,14.243,,invalid_selection,False,,,0.0,0.0,0.0,line_break_back_chigire_s,trifecta,challenger,False,s_class_line_break_gate_requires_forward_evidence,fixed_research_gate,11.0,0.4808,0.319191871543,s
2026-03-17,小田原,,6,,,20260317-36-06,S???????,S?,127-17-1457,127,17,1457,10,,0.153106188257,15.311,,invalid_selection,False,,,0.0,0.0,0.0,line_break_back_chigire_s,trifecta,challenger,False,s_class_line_break_gate_requires_forward_evidence,fixed_research_gate,8.0,0.4738,0.319466181804,s
2026-03-17,名古屋,,7,,,20260317-42-07,S???????,S?,257-25-1235,257,25,1235,10,,0.150387953604,15.039,,invalid_selection,False,,,0.0,0.0,0.0,line_break_back_chigire_s,trifecta,challenger,False,s_class_line_break_gate_requires_forward_evidence,fixed_research_gate,8.0,0.5368,0.272881869797,s
2026-03-17,玉野,,9,,,20260317-61-09,S???????,S?,127-17-1357,127,17,1357,10,,0.138041971314,13.804,,invalid_selection,False,,,0.0,0.0,0.0,line_break_back_chigire_s,trifecta,challenger,False,s_class_line_break_gate_requires_forward_evidence,fixed_research_gate,9.0,0.4113,0.255090644916,s
2026-03-20,熊本,,11,,,20260320-87-11,S???????,S?,127-17-1247,127,17,1247,8,,0.144389340221,14.439,,invalid_selection,False,,,0.0,0.0,0.0,line_break_back_chigire_s,trifecta,challenger,False,s_class_line_break_gate_requires_forward_evidence,fixed_research_gate,15.0,0.3768,0.326028451625,s
2026-03-23,広島,,7,,,20260323-62-07,S???????,S?,145-15-1257,145,15,1257,10,,0.153879193483,15.388,,invalid_selection,False,,,0.0,0.0,0.0,line_break_back_chigire_s,trifecta,challenger,False,s_class_line_break_gate_requires_forward_evidence,fixed_research_gate,9.0,0.4357,0.261251502355,s
2026-03-23,広島,,9,,,20260323-62-09,S???????,S?,247-27-1237,247,27,1237,10,,0.167512396038,16.751,,invalid_selection,False,,,0.0,0.0,0.0,line_break_back_chigire_s,trifecta,challenger,False,s_class_line_break_gate_requires_forward_evidence,fixed_research_gate,13.0,0.563,0.289115778688,s
2026-03-24,広島,,6,,,20260324-62-06,S???????,S?,235-25-2345,235,25,2345,8,,0.177015470535,17.702,,invalid_selection,False,,,0.0,0.0,0.0,line_break_back_chigire_s,trifecta,challenger,False,s_class_line_break_gate_requires_forward_evidence,fixed_research_gate,9.0,0.5298,0.337722733065,s
2026-03-24,別府,,6,,,20260324-86-06,S???????,S?,235-37-2357,235,37,2357,10,,0.139525589266,13.953,,invalid_selection,False,,,0.0,0.0,0.0,line_break_back_chigire_s,trifecta,challenger,False,s_class_line_break_gate_requires_forward_evidence,fixed_research_gate,20.0,0.4808,0.33796393076,s
2026-03-24,別府,,7,,,20260324-86-07,S???????,S?,357-57-1257,357,57,1257,10,,0.170676214507,17.068,,invalid_selection,False,,,0.0,0.0,0.0,line_break_back_chigire_s,trifecta,challenger,False,s_class_line_break_gate_requires_forward_evidence,fixed_research_gate,21.0,0.5333,0.300311753562,s
2026-03-25,取手,,8,,,20260325-23-08,S???????,S?,145-14-1345,145,14,1345,8,,0.148196258152,14.82,,invalid_selection,False,,,0.0,0.0,0.0,line_break_back_chigire_s,trifecta,challenger,False,s_class_line_break_gate_requires_forward_evidence,fixed_research_gate,10.0,0.6653,0.27138300261,s
2026-03-25,取手,,10,,,20260325-23-10,S???????,S?,124-24-2345,124,24,2345,10,,0.139514823638,13.951,,invalid_selection,False,,,0.0,0.0,0.0,line_break_back_chigire_s,trifecta,challenger,False,s_class_line_break_gate_requires_forward_evidence,fixed_research_gate,10.0,0.3785,0.300700144821,s
2026-03-25,大垣,,11,,,20260325-44-11,S???????,S?,137-37-2357,137,37,2357,10,,0.14822514793,14.823,,invalid_selection,False,,,0.0,0.0,0.0,line_break_back_chigire_s,trifecta,challenger,False,s_class_line_break_gate_requires_forward_evidence,fixed_research_gate,16.0,0.507,0.331803647447,s
2026-03-31,豊橋,,1,,,20260331-45-01,S???????,S?,145-35-1345,145,35,1345,10,,0.176718174008,17.672,,invalid_selection,False,,,0.0,0.0,0.0,line_break_back_chigire_s,trifecta,challenger,False,s_class_line_break_gate_requires_forward_evidence,fixed_research_gate,14.0,0.5228,0.285997025792,s
2026-03-31,豊橋,,2,,,20260331-45-02,S???????,S?,235-35-1356,235,35,1356,10,,0.163527942189,16.353,,invalid_selection,False,,,0.0,0.0,0.0,line_break_back_chigire_s,trifecta,challenger,False,s_class_line_break_gate_requires_forward_evidence,fixed_research_gate,18.0,0.6005,0.311516414201,s
2026-03-31,豊橋,,3,,,20260331-45-03,S???????,S?,125-15-1235,125,15,1235,8,,0.145569258061,14.557,,invalid_selection,False,,,0.0,0.0,0.0,line_break_back_chigire_s,trifecta,challenger,False,s_class_line_break_gate_requires_forward_evidence,fixed_research_gate,17.0,0.4965,0.265211287566,s
2026-04-01,京王閣,,10,,,20260401-27-10,S???????,S?,125-12-1237,125,12,1237,10,,0.142444773926,14.244,,invalid_selection,False,,,0.0,0.0,0.0,line_break_back_chigire_s,trifecta,challenger,False,s_class_line_break_gate_requires_forward_evidence,fixed_research_gate,12.0,0.5975,0.252202384993,s
2026-04-02,玉野,,10,,,20260402-61-10,S???????,S?,234-24-1245,234,24,1245,10,,0.138912717942,13.891,,invalid_selection,False,,,0.0,0.0,0.0,line_break_back_chigire_s,trifecta,challenger,False,s_class_line_break_gate_requires_forward_evidence,fixed_research_gate,12.0,0.3143,0.288414580848,s
2026-04-05,高知,,6,,,20260405-74-06,S???????,S?,145-12-1245,145,12,1245,10,,0.147848860771,14.785,,invalid_selection,False,,,0.0,0.0,0.0,line_break_back_chigire_s,trifecta,challenger,False,s_class_line_break_gate_requires_forward_evidence,fixed_research_gate,9.0,0.3177,0.295972378791,s
2026-04-06,名古屋,,8,,,20260406-42-08,S???????,S?,345-37-3457,345,37,3457,10,,0.138408791364,13.841,,invalid_selection,False,,,0.0,0.0,0.0,line_break_back_chigire_s,trifecta,challenger,False,s_class_line_break_gate_requires_forward_evidence,fixed_research_gate,18.0,0.3593,0.272122289271,s
2026-04-08,大垣,,11,,,20260408-44-11,S???????,S?,137-17-1357,137,17,1357,8,,0.154827381429,15.483,,invalid_selection,False,,,0.0,0.0,0.0,line_break_back_chigire_s,trifecta,challenger,False,s_class_line_break_gate_requires_forward_evidence,fixed_research_gate,10.0,0.4685,0.338380017779,s
2026-04-09,大垣,,7,,,20260409-44-07,S???????,S?,157-15-1257,157,15,1257,8,,0.153063551828,15.306,,invalid_selection,False,,,0.0,0.0,0.0,line_break_back_chigire_s,trifecta,challenger,False,s_class_line_break_gate_requires_forward_evidence,fixed_research_gate,11.0,0.3937,0.281103753141,s
2026-04-09,小倉,,5,,,20260409-81-05,S???????,S?,125-25-2345,125,25,2345,10,,0.167117859657,16.712,,invalid_selection,False,,,0.0,0.0,0.0,line_break_back_chigire_s,trifecta,challenger,False,s_class_line_break_gate_requires_forward_evidence,fixed_research_gate,9.0,0.448,0.261348593241,s
2026-04-10,久留米,,10,,,20260410-83-10,S???????,S?,245-25-1235,245,25,1235,10,,0.152910502869,15.291,,invalid_selection,False,,,0.0,0.0,0.0,line_break_back_chigire_s,trifecta,challenger,False,s_class_line_break_gate_requires_forward_evidence,fixed_research_gate,12.0,0.4948,0.381333973245,s
2026-04-10,久留米,,11,,,20260410-83-11,S???????,S?,124-14-1457,124,14,1457,10,,0.170222137132,17.022,,invalid_selection,False,,,0.0,0.0,0.0,line_break_back_chigire_s,trifecta,challenger,False,s_class_line_break_gate_requires_forward_evidence,fixed_research_gate,14.0,0.5403,0.282351770378,s
2026-04-11,久留米,,6,,,20260411-83-06,S???????,S?,157-57-1257,157,57,1257,8,,0.144280432031,14.428,,invalid_selection,False,,,0.0,0.0,0.0,line_break_back_chigire_s,trifecta,challenger,False,s_class_line_break_gate_requires_forward_evidence,fixed_research_gate,10.0,0.566,0.33247838522,s
2026-04-12,青森,,9,,,20260412-12-09,S???????,S?,257-57-1357,257,57,1357,10,,0.162667706955,16.267,,invalid_selection,False,,,0.0,0.0,0.0,line_break_back_chigire_s,trifecta,challenger,False,s_class_line_break_gate_requires_forward_evidence,fixed_research_gate,20.0,0.5643,0.269954738449,s
2026-04-12,西武園,,2,,,20260412-26-02,S???????,S?,124-12-1235,124,12,1235,10,,0.19836552387,19.837,,invalid_selection,False,,,0.0,0.0,0.0,line_break_back_chigire_s,trifecta,challenger,False,s_class_line_break_gate_requires_forward_evidence,fixed_research_gate,11.0,0.5677,0.335269918589,s
2026-04-12,西武園,,3,,,20260412-26-03,S???????,S?,235-35-2345,235,35,2345,8,,0.141831798363,14.183,,invalid_selection,False,,,0.0,0.0,0.0,line_break_back_chigire_s,trifecta,challenger,False,s_class_line_break_gate_requires_forward_evidence,fixed_research_gate,9.0,0.493,0.280446609926,s
2026-04-13,青森,,6,,,20260413-12-06,S???????,S?,145-14-1345,145,14,1345,8,,0.16792453405,16.792,,invalid_selection,False,,,0.0,0.0,0.0,line_break_back_chigire_s,trifecta,challenger,False,s_class_line_break_gate_requires_forward_evidence,fixed_research_gate,9.0,0.5433,0.30550603485,s
2026-04-13,富山,,10,,,20260413-46-10,S???????,S?,157-17-1237,157,17,1237,10,,0.139906196684,13.991,,invalid_selection,False,,,0.0,0.0,0.0,line_break_back_chigire_s,trifecta,challenger,False,s_class_line_break_gate_requires_forward_evidence,fixed_research_gate,17.0,0.2863,0.342495594172,s
2026-04-14,富山,,6,,,20260414-46-06,S???????,S?,236-23-1234,236,23,1234,10,,0.147219434265,14.722,,invalid_selection,False,,,0.0,0.0,0.0,line_break_back_chigire_s,trifecta,challenger,False,s_class_line_break_gate_requires_forward_evidence,fixed_research_gate,8.0,0.4708,0.253664391398,s
2026-04-14,富山,,7,,,20260414-46-07,S???????,S?,156-16-1236,156,16,1236,10,,0.165949919272,16.595,,invalid_selection,False,,,0.0,0.0,0.0,line_break_back_chigire_s,trifecta,challenger,False,s_class_line_break_gate_requires_forward_evidence,fixed_research_gate,11.0,0.3942,0.252571951103,s
2026-04-14,小松島,,8,,,20260414-73-08,S???????,S?,124-14-1234,124,14,1234,8,,0.144624256488,14.462,,invalid_selection,False,,,0.0,0.0,0.0,line_break_back_chigire_s,trifecta,challenger,False,s_class_line_break_gate_requires_forward_evidence,fixed_research_gate,12.0,0.5052,0.305128811532,s
2026-04-14,小松島,,9,,,20260414-73-09,S???????,S?,125-12-1245,125,12,1245,8,,0.141492191251,14.149,,invalid_selection,False,,,0.0,0.0,0.0,line_break_back_chigire_s,trifecta,challenger,False,s_class_line_break_gate_requires_forward_evidence,fixed_research_gate,10.0,0.2308,0.262641699459,s
2026-04-15,函館,,9,,,20260415-11-09,S???????,S?,245-45-3457,245,45,3457,10,,0.147725672785,14.773,,invalid_selection,False,,,0.0,0.0,0.0,line_break_back_chigire_s,trifecta,challenger,False,s_class_line_break_gate_requires_forward_evidence,fixed_research_gate,13.0,0.5088,0.293915453819,s
2026-04-15,取手,,12,,,20260415-23-12,S???????,S?,134-13-1237,134,13,1237,10,,0.138789737103,13.879,,invalid_selection,False,,,0.0,0.0,0.0,line_break_back_chigire_s,trifecta,challenger,False,s_class_line_break_gate_requires_forward_evidence,fixed_research_gate,10.0,0.2863,0.268456900166,s
2026-04-16,函館,,10,,,20260416-11-10,S???????,S?,125-12-1247,125,12,1247,10,,0.146735907307,14.674,,invalid_selection,False,,,0.0,0.0,0.0,line_break_back_chigire_s,trifecta,challenger,False,s_class_line_break_gate_requires_forward_evidence,fixed_research_gate,16.0,0.4532,0.270704374494,s
2026-04-17,函館,,6,,,20260417-11-06,S???????,S?,357-57-3457,357,57,3457,8,,0.140848052558,14.085,,invalid_selection,False,,,0.0,0.0,0.0,line_break_back_chigire_s,trifecta,challenger,False,s_class_line_break_gate_requires_forward_evidence,fixed_research_gate,12.0,0.5262,0.347490564413,s
2026-04-17,豊橋,,5,,,20260417-45-05,S???????,S?,125-15-1345,125,15,1345,10,,0.158708043943,15.871,,invalid_selection,False,,,0.0,0.0,0.0,line_break_back_chigire_s,trifecta,challenger,False,s_class_line_break_gate_requires_forward_evidence,fixed_research_gate,13.0,0.2343,0.284488480439,s
2026-04-18,京王閣,,6,,,20260418-27-06,S???????,S?,125-15-1345,125,15,1345,10,,0.255244327384,25.524,,invalid_selection,False,,,0.0,0.0,0.0,line_break_back_chigire_s,trifecta,challenger,False,s_class_line_break_gate_requires_forward_evidence,fixed_research_gate,9.0,0.5052,0.304975375174,s
2026-04-18,京王閣,,8,,,20260418-27-08,S???????,S?,125-12-1245,125,12,1245,8,,0.159785011972,15.979,,invalid_selection,False,,,0.0,0.0,0.0,line_break_back_chigire_s,trifecta,challenger,False,s_class_line_break_gate_requires_forward_evidence,fixed_research_gate,13.0,0.5298,0.289731502396,s
2026-04-19,京王閣,,9,,,20260419-27-09,S???????,S?,147-17-1357,147,17,1357,10,,0.150406783599,15.041,,invalid_selection,False,,,0.0,0.0,0.0,line_break_back_chigire_s,trifecta,challenger,False,s_class_line_break_gate_requires_forward_evidence,fixed_research_gate,17.0,0.4497,0.279417856455,s
2026-04-19,伊東,,8,,,20260419-37-08,S???????,S?,125-25-1235,125,25,1235,8,,0.214949908507,21.495,,invalid_selection,False,,,0.0,0.0,0.0,line_break_back_chigire_s,trifecta,challenger,False,s_class_line_break_gate_requires_forward_evidence,fixed_research_gate,11.0,0.4095,0.302595671036,s
2026-04-19,伊東,,9,,,20260419-37-09,S???????,S?,135-15-1345,135,15,1345,8,,0.158888765863,15.889,,invalid_selection,False,,,0.0,0.0,0.0,line_break_back_chigire_s,trifecta,challenger,False,s_class_line_break_gate_requires_forward_evidence,fixed_research_gate,16.0,0.3785,0.253827989513,s
2026-04-20,伊東,,6,,,20260420-37-06,S???????,S?,125-15-1245,125,15,1245,8,,0.218288478205,21.829,,invalid_selection,False,,,0.0,0.0,0.0,line_break_back_chigire_s,trifecta,challenger,False,s_class_line_break_gate_requires_forward_evidence,fixed_research_gate,11.0,0.4427,0.286227448181,s
2026-04-20,伊東,,7,,,20260420-37-07,S???????,S?,234-34-2345,234,34,2345,8,,0.219607613088,21.961,,invalid_selection,False,,,0.0,0.0,0.0,line_break_back_chigire_s,trifecta,challenger,False,s_class_line_break_gate_requires_forward_evidence,fixed_research_gate,16.0,0.521,0.283204143266,s
2026-04-22,前橋,,7,,,20260422-22-07,S???????,S?,237-23-1234,237,23,1234,10,,0.151479218861,15.148,,invalid_selection,False,,,0.0,0.0,0.0,line_break_back_chigire_s,trifecta,challenger,False,s_class_line_break_gate_requires_forward_evidence,fixed_research_gate,14.0,0.3558,0.284834675657,s
2026-04-22,前橋,,10,,,20260422-22-10,S???????,S?,235-23-1235,235,23,1235,8,,0.148422983197,14.842,,invalid_selection,False,,,0.0,0.0,0.0,line_break_back_chigire_s,trifecta,challenger,False,s_class_line_break_gate_requires_forward_evidence,fixed_research_gate,23.0,0.4567,0.309342625619,s
2026-04-22,前橋,,11,,,20260422-22-11,S???????,S?,145-14-1234,145,14,1234,10,,0.145645339756,14.565,,invalid_selection,False,,,0.0,0.0,0.0,line_break_back_chigire_s,trifecta,challenger,False,s_class_line_break_gate_requires_forward_evidence,fixed_research_gate,11.0,0.3523,0.3585244154,s
2026-04-23,前橋,,6,,,20260423-22-06,S???????,S?,124-14-1245,124,14,1245,8,,0.148729213414,14.873,,invalid_selection,False,,,0.0,0.0,0.0,line_break_back_chigire_s,trifecta,challenger,False,s_class_line_break_gate_requires_forward_evidence,fixed_research_gate,23.0,0.5123,0.340393759761,s
2026-04-23,静岡,,5,,,20260423-38-05,S???????,S?,235-25-1235,235,25,1235,8,,0.146107022927,14.611,,invalid_selection,False,,,0.0,0.0,0.0,line_break_back_chigire_s,trifecta,challenger,False,s_class_line_break_gate_requires_forward_evidence,fixed_research_gate,17.0,0.4427,0.269387856507,s
2026-04-26,名古屋,,2,,,20260426-42-02,S???????,S?,125-12-1235,125,12,1235,8,,0.232980873677,23.298,,invalid_selection,False,,,0.0,0.0,0.0,line_break_back_chigire_s,trifecta,challenger,False,s_class_line_break_gate_requires_forward_evidence,fixed_research_gate,16.0,0.521,0.313827597528,s
2026-04-27,岐阜,,10,,,20260427-43-10,S???????,S?,157-15-1235,157,15,1235,10,,0.169238798383,16.924,,invalid_selection,False,,,0.0,0.0,0.0,line_break_back_chigire_s,trifecta,challenger,False,s_class_line_break_gate_requires_forward_evidence,fixed_research_gate,15.0,0.4497,0.291202543495,s
2026-04-27,熊本,,12,,,20260427-87-12,S???????,S?,125-15-1457,125,15,1457,10,,0.143845718655,14.385,,invalid_selection,False,,,0.0,0.0,0.0,line_break_back_chigire_s,trifecta,challenger,False,s_class_line_break_gate_requires_forward_evidence,fixed_research_gate,15.0,0.3907,0.296426581278,s
2026-04-28,大宮,,7,,,20260428-25-07,S???????,S?,134-14-1247,134,14,1247,10,,0.143710019674,14.371,,invalid_selection,False,,,0.0,0.0,0.0,line_break_back_chigire_s,trifecta,challenger,False,s_class_line_break_gate_requires_forward_evidence,fixed_research_gate,12.0,0.4825,0.263938857024,s
2026-04-28,熊本,,5,,,20260428-87-05,S???????,S?,235-23-2345,235,23,2345,8,,0.151864892404,15.186,,invalid_selection,False,,,0.0,0.0,0.0,line_break_back_chigire_s,trifecta,challenger,False,s_class_line_break_gate_requires_forward_evidence,fixed_research_gate,13.0,0.4825,0.330194087791,s
2026-04-29,大宮,,12,,,20260429-25-12,S???????,S?,147-17-1367,147,17,1367,10,,0.152266397157,15.227,,invalid_selection,False,,,0.0,0.0,0.0,line_break_back_chigire_s,trifecta,challenger,False,s_class_line_break_gate_requires_forward_evidence,fixed_research_gate,20.0,0.399,0.388262928941,s
2026-04-29,岐阜,,5,,,20260429-43-05,S???????,S?,125-25-1256,125,25,1256,8,,0.165997255166,16.6,,invalid_selection,False,,,0.0,0.0,0.0,line_break_back_chigire_s,trifecta,challenger,False,s_class_line_break_gate_requires_forward_evidence,fixed_research_gate,8.0,0.3937,0.377766865096,s
2026-04-30,函館,,8,,,20260430-11-08,S???????,S?,145-15-1245,145,15,1245,8,,0.172853700188,17.285,,invalid_selection,False,,,0.0,0.0,0.0,line_break_back_chigire_s,trifecta,challenger,False,s_class_line_break_gate_requires_forward_evidence,fixed_research_gate,15.0,0.4148,0.368093154346,s
2026-04-30,函館,,11,,,20260430-11-11,S???????,S?,145-15-1345,145,15,1345,8,,0.161069650332,16.107,,invalid_selection,False,,,0.0,0.0,0.0,line_break_back_chigire_s,trifecta,challenger,False,s_class_line_break_gate_requires_forward_evidence,fixed_research_gate,13.0,0.4253,0.361684481433,s
2026-05-01,函館,,8,,,20260501-11-08,S???????,S?,127-27-1247,127,27,1247,8,,0.14408918283,14.409,,invalid_selection,False,,,0.0,0.0,0.0,line_break_back_chigire_s,trifecta,challenger,False,s_class_line_break_gate_requires_forward_evidence,fixed_research_gate,8.0,0.4965,0.300858807868,s
2026-05-01,奈良,,7,,,20260501-53-07,S???????,S?,245-25-1257,245,25,1257,10,,0.144328222578,14.433,,invalid_selection,False,,,0.0,0.0,0.0,line_break_back_chigire_s,trifecta,challenger,False,s_class_line_break_gate_requires_forward_evidence,fixed_research_gate,12.0,0.4795,0.335905026289,s
2026-05-01,奈良,,10,,,20260501-53-10,S???????,S?,147-47-2347,147,47,2347,10,,0.147029016989,14.703,,invalid_selection,False,,,0.0,0.0,0.0,line_break_back_chigire_s,trifecta,challenger,False,s_class_line_break_gate_requires_forward_evidence,fixed_research_gate,12.0,0.441,0.342531566646,s
2026-05-04,岸和田,,11,,,20260504-56-11,S???????,S?,145-15-1235,145,15,1235,10,,0.172405365745,17.241,,invalid_selection,False,,,0.0,0.0,0.0,line_break_back_chigire_s,trifecta,challenger,False,s_class_line_break_gate_requires_forward_evidence,fixed_research_gate,15.0,0.4825,0.332756194043,s
2026-05-05,松阪,,8,,,20260505-47-08,S???????,S?,125-25-1235,125,25,1235,8,,0.154299708314,15.43,,invalid_selection,False,,,0.0,0.0,0.0,line_break_back_chigire_s,trifecta,challenger,False,s_class_line_break_gate_requires_forward_evidence,fixed_research_gate,10.0,0.4078,0.265262066693,s
2026-05-05,松阪,,12,,,20260505-47-12,S???????,S?,134-14-1457,134,14,1457,10,,0.148399510873,14.84,,invalid_selection,False,,,0.0,0.0,0.0,line_break_back_chigire_s,trifecta,challenger,False,s_class_line_break_gate_requires_forward_evidence,fixed_research_gate,18.0,0.281,0.263626336144,s
2026-05-05,岸和田,,8,,,20260505-56-08,S???????,S?,123-13-1357,123,13,1357,10,,0.140781818046,14.078,,invalid_selection,False,,,0.0,0.0,0.0,line_break_back_chigire_s,trifecta,challenger,False,s_class_line_break_gate_requires_forward_evidence,fixed_research_gate,12.0,0.5175,0.295100067084,s
2026-05-06,岸和田,,6,,,20260506-56-06,S???????,S?,345-35-1345,345,35,1345,8,,0.185061489965,18.506,,invalid_selection,False,,,0.0,0.0,0.0,line_break_back_chigire_s,trifecta,challenger,False,s_class_line_break_gate_requires_forward_evidence,fixed_research_gate,12.0,0.4825,0.268250754851,s
2026-05-06,広島,,6,,,20260506-62-06,S???????,S?,125-15-1245,125,15,1245,8,,0.145609898006,14.561,,invalid_selection,False,,,0.0,0.0,0.0,line_break_back_chigire_s,trifecta,challenger,False,s_class_line_break_gate_requires_forward_evidence,fixed_research_gate,14.0,0.4047,0.305564115485,s
2026-05-06,広島,,8,,,20260506-62-08,S???????,S?,257-57-2457,257,57,2457,8,,0.141394492377,14.139,,invalid_selection,False,,,0.0,0.0,0.0,line_break_back_chigire_s,trifecta,challenger,False,s_class_line_break_gate_requires_forward_evidence,fixed_research_gate,14.0,0.3628,0.261852714615,s
2026-05-07,広島,,6,,,20260507-62-06,S???????,S?,147-17-1257,147,17,1257,10,,0.14890960674,14.891,,invalid_selection,False,,,0.0,0.0,0.0,line_break_back_chigire_s,trifecta,challenger,False,s_class_line_break_gate_requires_forward_evidence,fixed_research_gate,12.0,0.5315,0.347158583114,s
2026-05-07,広島,,10,,,20260507-62-10,S???????,S?,134-14-1457,134,14,1457,10,,0.178316741531,17.832,,invalid_selection,False,,,0.0,0.0,0.0,line_break_back_chigire_s,trifecta,challenger,False,s_class_line_break_gate_requires_forward_evidence,fixed_research_gate,14.0,0.4083,0.320848121296,s
2026-05-07,熊本,,10,,,20260507-87-10,S???????,S?,145-15-1357,145,15,1357,10,,0.142829513261,14.283,,invalid_selection,False,,,0.0,0.0,0.0,line_break_back_chigire_s,trifecta,challenger,False,s_class_line_break_gate_requires_forward_evidence,fixed_research_gate,11.0,0.4183,0.389659899415,s
2026-05-08,取手,,10,,,20260508-23-10,S???????,S?,147-47-3457,147,47,3457,10,,0.14455962376,14.456,,invalid_selection,False,,,0.0,0.0,0.0,line_break_back_chigire_s,trifecta,challenger,False,s_class_line_break_gate_requires_forward_evidence,fixed_research_gate,15.0,0.3523,0.368576777316,s
2026-05-08,広島,,6,,,20260508-62-06,S???????,S?,347-34-1234,347,34,1234,10,,0.140687880428,14.069,,invalid_selection,False,,,0.0,0.0,0.0,line_break_back_chigire_s,trifecta,challenger,False,s_class_line_break_gate_requires_forward_evidence,fixed_research_gate,8.0,0.469,0.275497978315,s
2026-05-09,取手,,10,,,20260509-23-10,S???????,S?,234-24-2347,234,24,2347,8,,0.165552919771,16.555,,invalid_selection,False,,,0.0,0.0,0.0,line_break_back_chigire_s,trifecta,challenger,False,s_class_line_break_gate_requires_forward_evidence,fixed_research_gate,8.0,0.5298,0.290449790708,s
2026-05-09,取手,,12,,,20260509-23-12,S???????,S?,147-17-1457,147,17,1457,8,,0.154050535083,15.405,,invalid_selection,False,,,0.0,0.0,0.0,line_break_back_chigire_s,trifecta,challenger,False,s_class_line_break_gate_requires_forward_evidence,fixed_research_gate,14.0,0.3907,0.292893451848,s
2026-05-10,取手,,8,,,20260510-23-08,S???????,S?,257-27-1247,257,27,1247,10,,0.176112311407,17.611,,invalid_selection,False,,,0.0,0.0,0.0,line_break_back_chigire_s,trifecta,challenger,False,s_class_line_break_gate_requires_forward_evidence,fixed_research_gate,14.0,0.4725,0.272823784428,s
2026-05-11,伊東,,11,,,20260511-37-11,S???????,S?,457-45-3457,457,45,3457,8,,0.144245425071,14.425,,invalid_selection,False,,,0.0,0.0,0.0,line_break_back_chigire_s,trifecta,challenger,False,s_class_line_break_gate_requires_forward_evidence,fixed_research_gate,15.0,0.302,0.3123057766,s
2026-05-12,伊東,,12,,,20260512-37-12,S???????,S?,127-27-1247,127,27,1247,8,,0.144963506569,14.496,,invalid_selection,False,,,0.0,0.0,0.0,line_break_back_chigire_s,trifecta,challenger,False,s_class_line_break_gate_requires_forward_evidence,fixed_research_gate,15.0,0.2448,0.301041226375,s
